Freedom,Generosity,Happiness_Rank,Country_or_region,Perceptions_of_corruption,GDP_per_capita,Healthy_life_expectancy,Happiness_Score,Social_support,Year,Region
0.66557,0.29678,1,Switzerland,0.41978,1.39651,0.94143,7.587,1.34951,2015,Western Europe
0.62877,0.4363,2,Iceland,0.14145,1.30232,0.94784,7.561,1.40223,2015,Western Europe
0.64938,0.34139,3,Denmark,0.48357,1.32548,0.87464,7.527,1.36058,2015,Western Europe
0.66973,0.34699,4,Norway,0.36503,1.459,0.88521,7.522,1.33095,2015,Western Europe
0.63297,0.45811,5,Canada,0.32957,1.32629,0.90563,7.427,1.32261,2015,North America
0.64169,0.23351,6,Finland,0.41372,1.29025,0.88911,7.406,1.31826,2015,Western Europe
0.61576,0.4761,7,Netherlands,0.31814,1.32944,0.89284,7.378,1.28017,2015,Western Europe
0.6598,0.36262,8,Sweden,0.43844,1.33171,0.91087,7.364,1.28907,2015,Western Europe
0.63938,0.47501,9,New Zealand,0.42922,1.25018,0.90837,7.286,1.31967,2015,Australia and New Zealand
0.65124,0.43562,10,Australia,0.35637,1.33358,0.93156,7.284,1.30923,2015,Australia and New Zealand
0.41319,0.33172,11,Israel,0.07785,1.22857,0.91387,7.278,1.22393,2015,Middle East and Northern Africa
0.63376,0.25497,12,Costa Rica,0.10583,0.95578,0.86027,7.226,1.23788,2015,Latin America and Caribbean
0.62433,0.33088,13,Austria,0.18676,1.33723,0.89042,7.2,1.29704,2015,Western Europe
0.48181,0.14074,14,Mexico,0.21312,1.02054,0.81444,7.187,0.91451,2015,Latin America and Caribbean
0.54604,0.40105,15,United States,0.1589,1.39451,0.86179,7.119,1.24711,2015,North America
0.49049,0.14574,16,Brazil,0.17521,0.98124,0.69702,6.983,1.23287,2015,Latin America and Caribbean
0.61583,0.28034,17,Luxembourg,0.37798,1.56391,0.91894,6.946,1.21963,2015,Western Europe
0.61777,0.45901,18,Ireland,0.28703,1.33596,0.89533,6.94,1.36948,2015,Western Europe
0.5845,0.2225,19,Belgium,0.2254,1.30782,0.89667,6.937,1.28566,2015,Western Europe
0.64157,0.26428,20,United Arab Emirates,0.38583,1.42727,0.80925,6.901,1.12575,2015,Middle East and Northern Africa
0.59625,0.51912,21,United Kingdom,0.32067,1.26637,0.90943,6.867,1.28548,2015,Western Europe
0.63274,0.21542,22,Oman,0.32524,1.36011,0.76276,6.853,1.08182,2015,Middle East and Northern Africa
0.42908,0.05841,23,Venezuela,0.11069,1.04424,0.72052,6.81,1.25596,2015,Latin America and Caribbean
0.54252,0.31105,24,Singapore,0.4921,1.52186,1.02525,6.798,1.02,2015,Southeastern Asia
0.5421,0.24434,25,Panama,0.0927,1.06353,0.79661,6.786,1.1985,2015,Latin America and Caribbean
0.61477,0.28214,26,Germany,0.21843,1.32792,0.89186,6.75,1.29937,2015,Western Europe
0.44132,0.33363,27,Chile,0.12869,1.10715,0.85857,6.67,1.12447,2015,Latin America and Caribbean
0.6404,0.32573,28,Qatar,0.52208,1.69042,0.79733,6.611,1.0786,2015,Middle East and Northern Africa
0.55011,0.12332,29,France,0.20646,1.27778,0.94579,6.575,1.26038,2015,Western Europe
0.44974,0.11451,30,Argentina,0.08484,1.05351,0.78723,6.574,1.24823,2015,Latin America and Caribbean
0.46364,0.10686,31,Czech Republic,0.02652,1.17898,0.84483,6.505,1.20643,2015,Central and Eastern Europe
0.60362,0.2324,32,Uruguay,0.24558,1.06166,0.8116,6.485,1.2089,2015,Latin America and Caribbean
0.53466,0.18401,33,Colombia,0.0512,0.91861,0.69077,6.477,1.24018,2015,Latin America and Caribbean
0.55664,0.5763,34,Thailand,0.03187,0.9669,0.7385,6.455,1.26504,2015,Southeastern Asia
0.31048,0.13706,35,Saudi Arabia,0.32524,1.39541,0.72025,6.411,1.08393,2015,Middle East and Northern Africa
0.45951,0.18227,36,Spain,0.06398,1.23011,0.95562,6.329,1.31379,2015,Western Europe
0.60365,0.51752,37,Malta,0.13586,1.2074,0.88721,6.302,1.30203,2015,Western Europe
0.3974,0.25376,38,Taiwan,0.08129,1.29098,0.8753,6.298,1.07617,2015,Eastern Asia
0.55499,0.16228,39,Kuwait,0.25609,1.55422,0.72492,6.295,1.16594,2015,Middle East and Northern Africa
0.59657,0.16991,40,Suriname,0.13633,0.99534,0.6082,6.269,0.972,2015,Latin America and Caribbean
0.55884,0.31844,41,Trinidad and Tobago,0.0114,1.21183,0.61483,6.168,1.18354,2015,Latin America and Caribbean
0.4035,0.10692,42,El Salvador,0.11776,0.76454,0.67737,6.13,1.02507,2015,Latin America and Caribbean
0.57733,0.27489,43,Guatemala,0.09472,0.74553,0.64425,6.123,1.04356,2015,Latin America and Caribbean
0.65821,0.22837,44,Uzbekistan,0.30826,0.63244,0.59772,6.003,1.34043,2015,Central and Eastern Europe
0.31751,0.16893,45,Slovakia,0.03431,1.16891,0.78902,5.995,1.26999,2015,Central and Eastern Europe
0.49615,0.10705,46,Japan,0.1806,1.27074,0.99111,5.987,1.25712,2015,Eastern Asia
0.33208,0.18557,47,South Korea,0.07857,1.24461,0.96538,5.984,0.95774,2015,Eastern Asia
0.48574,0.11541,48,Ecuador,0.1809,0.86402,0.79075,5.975,0.99903,2015,Latin America and Caribbean
0.45492,0.17362,49,Bahrain,0.306,1.32376,0.74716,5.96,1.21624,2015,Middle East and Northern Africa
0.26236,0.22823,50,Italy,0.02901,1.25114,0.95446,5.948,1.19777,2015,Western Europe
0.57414,0.20536,51,Bolivia,0.088,0.68133,0.5392,5.89,0.97841,2015,Latin America and Caribbean
0.32818,0.20951,52,Moldova,0.01615,0.59448,0.61826,5.889,1.01528,2015,Central and Eastern Europe
0.53899,0.3424,53,Paraguay,0.08242,0.75985,0.66098,5.878,1.30477,2015,Latin America and Caribbean
0.51649,0.11827,54,Kazakhstan,0.08454,1.12254,0.64368,5.855,1.12241,2015,Central and Eastern Europe
0.60855,0.25328,55,Slovenia,0.03787,1.18498,0.87337,5.848,1.27385,2015,Western Europe
0.21342,0.02641,56,Lithuania,0.01031,1.14723,0.73128,5.833,1.25745,2015,Central and Eastern Europe
0.55475,0.27815,57,Nicaragua,0.19317,0.59325,0.74314,5.828,1.14184,2015,Latin America and Caribbean
0.41496,0.14982,58,Peru,0.05989,0.90019,0.73017,5.824,0.97459,2015,Latin America and Caribbean
0.37938,0.11046,59,Belarus,0.1909,1.03192,0.73608,5.813,1.23289,2015,Central and Eastern Europe
0.53122,0.16759,60,Poland,0.04212,1.12555,0.77903,5.791,1.27948,2015,Central and Eastern Europe
0.53024,0.33075,61,Malaysia,0.10501,1.12486,0.72394,5.77,1.07023,2015,Southeastern Asia
0.25883,0.05444,62,Croatia,0.0243,1.08254,0.78805,5.759,0.79624,2015,Central and Eastern Europe
0.41668,0.18295,63,Libya,0.11023,1.13145,0.7038,5.754,1.11862,2015,Middle East and Northern Africa
0.36679,0.00199,64,Russia,0.03005,1.13764,0.66926,5.716,1.23617,2015,Central and Eastern Europe
0.50442,0.2123,65,Jamaica,0.02299,0.81038,0.68741,5.709,1.15102,2015,Latin America and Caribbean
0.49027,0.26169,66,North Cyprus,0.1428,1.20806,0.92356,5.695,1.07008,2015,Central and Eastern Europe
0.40672,0.30638,67,Cyprus,0.06146,1.20813,0.92356,5.689,0.89318,2015,Central and Eastern Europe
0.28579,0.07822,68,Algeria,0.17383,0.93929,0.61766,5.605,1.07772,2015,Middle East and Northern Africa
0.24749,0.2831,69,Kosovo,0.04741,0.80148,0.63132,5.589,0.81198,2015,Central and Eastern Europe
0.4761,0.16979,70,Turkmenistan,0.30844,0.95847,0.53886,5.548,1.22668,2015,Central and Eastern Europe
0.56066,0.37744,71,Mauritius,0.07521,1.00761,0.7095,5.477,0.98521,2015,Sub-Saharan Africa
0.59608,0.39478,72,Hong Kong,0.37124,1.38604,1.01328,5.474,1.05818,2015,Eastern Asia
0.44888,0.0868,73,Estonia,0.15184,1.15174,0.77361,5.429,1.22791,2015,Central and Eastern Europe
0.46611,0.51535,74,Indonesia,0.0,0.82827,0.63793,5.399,1.08708,2015,Southeastern Asia
0.59444,0.1686,75,Vietnam,0.10441,0.63216,0.74676,5.36,0.91226,2015,Southeastern Asia
0.22815,0.12253,76,Turkey,0.15746,1.06098,0.73172,5.332,0.94632,2015,Middle East and Northern Africa
0.43477,0.3003,77,Kyrgyzstan,0.04232,0.47428,0.65088,5.286,1.15115,2015,Central and Eastern Europe
0.34334,0.27233,78,Nigeria,0.0403,0.65435,0.16007,5.268,0.90432,2015,Sub-Saharan Africa
0.53206,0.47998,79,Bhutan,0.15445,0.77042,0.57407,5.253,1.10395,2015,Southern Asia
0.3703,0.07799,80,Azerbaijan,0.16065,1.02389,0.64045,5.212,0.93793,2015,Central and Eastern Europe
0.12102,0.33671,81,Pakistan,0.10464,0.59543,0.51466,5.194,0.41411,2015,Southern Asia
0.40661,0.11053,82,Jordan,0.14293,0.90198,0.69639,5.192,1.05392,2015,Middle East and Northern Africa
0.1826,0.1614,82,Montenegro,0.14296,0.97438,0.72521,5.192,0.90557,2015,Central and Eastern Europe
0.51697,0.08185,84,China,0.02781,0.89012,0.81658,5.14,0.94675,2015,Eastern Asia
0.48827,0.19591,85,Zambia,0.12468,0.47038,0.29924,5.129,0.91612,2015,Sub-Saharan Africa
0.35068,0.13748,86,Romania,0.00649,1.04345,0.7689,5.124,0.88588,2015,Central and Eastern Europe
0.20107,0.19231,87,Serbia,0.02617,0.92053,0.74836,5.123,1.00964,2015,Central and Eastern Europe
0.51469,0.13719,88,Portugal,0.01078,1.15991,0.87519,5.102,1.13935,2015,Western Europe
0.29671,0.18226,89,Latvia,0.06332,1.11312,0.72437,5.098,1.09562,2015,Central and Eastern Europe
0.62545,0.24991,90,Philippines,0.12279,0.70532,0.58114,5.073,1.03516,2015,Southeastern Asia
0.46582,0.50318,91,Somaliland region,0.39928,0.18847,0.43873,5.057,0.95152,2015,Sub-Saharan Africa
0.41691,0.07172,92,Morocco,0.08546,0.73479,0.60954,5.013,0.64095,2015,Middle East and Northern Africa
0.33457,0.22359,93,Macedonia,0.05327,0.91851,0.73545,5.007,1.00232,2015,Central and Eastern Europe
0.34037,0.22269,94,Mozambique,0.15603,0.08308,0.09131,4.971,1.02626,2015,Sub-Saharan Africa
0.35733,0.14272,95,Albania,0.06413,0.87867,0.81325,4.959,0.80434,2015,Central and Eastern Europe
0.09245,0.24808,96,Bosnia and Herzegovina,0.00227,0.83223,0.79081,4.949,0.91916,2015,Central and Eastern Europe
0.31767,0.16388,97,Lesotho,0.12504,0.37545,0.07612,4.898,1.04103,2015,Sub-Saharan Africa
0.57672,0.21684,98,Dominican Republic,0.14234,0.89537,0.66825,4.885,1.17202,2015,Latin America and Caribbean
0.59591,0.42192,99,Laos,0.24249,0.59066,0.54909,4.876,0.73803,2015,Southeastern Asia
0.43626,0.3323,100,Mongolia,0.02666,0.82819,0.60268,4.874,1.3006,2015,Eastern Asia
0.30658,0.18259,101,Swaziland,0.0306,0.71206,0.07566,4.867,1.07284,2015,Sub-Saharan Africa
0.07699,0.0,102,Greece,0.01397,1.15406,0.88213,4.857,0.92933,2015,Western Europe
0.33916,0.21854,103,Lebanon,0.04582,1.02564,0.83947,4.839,0.80001,2015,Middle East and Northern Africa
0.32112,0.128,104,Hungary,0.02758,1.12094,0.75905,4.8,1.20215,2015,Central and Eastern Europe
0.40148,0.23027,105,Honduras,0.06825,0.59532,0.6951,4.788,0.95348,2015,Latin America and Caribbean
0.47216,0.22974,106,Tajikistan,0.15072,0.39047,0.57379,4.786,0.85563,2015,Central and Eastern Europe
0.26268,0.06431,107,Tunisia,0.06358,0.88113,0.73793,4.739,0.60429,2015,Middle East and Northern Africa
0.24499,0.11251,108,Palestinian Territories,0.12905,0.59867,0.66015,4.715,0.92558,2015,Middle East and Northern Africa
0.4082,0.21222,109,Bangladesh,0.12569,0.39753,0.60164,4.694,0.43106,2015,Southern Asia
0.30033,0.38086,110,Iran,0.05863,1.0088,0.69805,4.686,0.54447,2015,Middle East and Northern Africa
0.25123,0.15275,111,Ukraine,0.02961,0.79907,0.6739,4.681,1.20278,2015,Central and Eastern Europe
0.0,0.17922,112,Iraq,0.13788,0.98549,0.60237,4.677,0.81889,2015,Middle East and Northern Africa
0.33207,0.11973,113,South Africa,0.08884,0.92049,0.27688,4.642,1.18468,2015,Sub-Saharan Africa
0.42342,0.23087,114,Ghana,0.04355,0.54558,0.40132,4.633,0.67954,2015,Sub-Saharan Africa
0.25861,0.18987,115,Zimbabwe,0.08079,0.271,0.33475,4.61,1.03276,2015,Sub-Saharan Africa
0.28531,0.24362,116,Liberia,0.06232,0.0712,0.34201,4.571,0.78968,2015,Sub-Saharan Africa
0.39786,0.26475,117,India,0.08492,0.64499,0.51529,4.565,0.38174,2015,Southern Asia
0.10081,0.19062,118,Sudan,0.1466,0.52107,0.36878,4.55,1.01404,2015,Sub-Saharan Africa
0.24425,0.46187,119,Haiti,0.17175,0.26673,0.38847,4.518,0.74302,2015,Latin America and Caribbean
0.22605,0.24834,120,Congo (Kinshasa),0.07625,0.0,0.09806,4.517,1.0012,2015,Sub-Saharan Africa
0.38282,0.32296,121,Nepal,0.05907,0.35997,0.56874,4.514,0.86449,2015,Southern Asia
0.4345,0.24325,122,Ethiopia,0.15048,0.19073,0.44055,4.512,0.60406,2015,Sub-Saharan Africa
0.4084,0.21488,123,Sierra Leone,0.08786,0.33024,0.0,4.507,0.95571,2015,Sub-Saharan Africa
0.24232,0.219,124,Mauritania,0.17461,0.45407,0.35874,4.436,0.86908,2015,Sub-Saharan Africa
0.42215,0.37542,125,Kenya,0.05839,0.36471,0.41435,4.419,0.99876,2015,Sub-Saharan Africa
0.46074,0.18093,126,Djibouti,0.28105,0.44025,0.36291,4.369,0.59207,2015,Sub-Saharan Africa
0.19847,0.07855,127,Armenia,0.039,0.76821,0.7299,4.35,0.77711,2015,Central and Eastern Europe
0.49495,0.10461,128,Botswana,0.12474,0.99355,0.04776,4.332,1.10464,2015,Sub-Saharan Africa
0.44017,0.79588,129,Myanmar,0.19034,0.27108,0.48246,4.307,0.70905,2015,Southeastern Asia
0.40577,0.05547,130,Georgia,0.38331,0.7419,0.72926,4.297,0.38562,2015,Central and Eastern Europe
0.43054,0.33128,131,Malawi,0.06977,0.01604,0.22562,4.292,0.41134,2015,Sub-Saharan Africa
0.53726,0.40828,132,Sri Lanka,0.09179,0.83524,0.70806,4.271,1.01905,2015,Southern Asia
0.49309,0.20618,133,Cameroon,0.05786,0.4225,0.23402,4.252,0.88767,2015,Sub-Saharan Africa
0.30587,0.11921,134,Bulgaria,0.00872,1.01216,0.76649,4.218,1.10614,2015,Central and Eastern Europe
0.17288,0.11291,135,Egypt,0.06324,0.8818,0.61712,4.194,0.747,2015,Middle East and Northern Africa
0.35571,0.09131,136,Yemen,0.07854,0.54649,0.40064,4.077,0.68093,2015,Middle East and Northern Africa
0.10384,0.12344,137,Angola,0.07122,0.75778,0.16683,4.033,0.8604,2015,Sub-Saharan Africa
0.38857,0.18798,138,Mali,0.12352,0.26074,0.20583,3.995,1.03526,2015,Sub-Saharan Africa
0.41466,0.12388,139,Congo (Brazzaville),0.11686,0.67866,0.31051,3.989,0.6629,2015,Sub-Saharan Africa
0.22917,0.17441,140,Comoros,0.199,0.23906,0.36315,3.956,0.79273,2015,Sub-Saharan Africa
0.45727,0.29066,141,Uganda,0.07267,0.21102,0.33861,3.931,1.13299,2015,Sub-Saharan Africa
0.36772,0.20843,142,Senegal,0.10713,0.36498,0.4354,3.904,0.97619,2015,Sub-Saharan Africa
0.31914,0.06822,143,Gabon,0.11091,1.06024,0.43372,3.896,0.90528,2015,Sub-Saharan Africa
0.47692,0.19387,144,Niger,0.15639,0.0694,0.29707,3.845,0.77265,2015,Sub-Saharan Africa
0.66246,0.40359,145,Cambodia,0.07247,0.46038,0.61114,3.819,0.62736,2015,Southeastern Asia
0.32878,0.34377,146,Tanzania,0.05747,0.2852,0.38215,3.781,1.00268,2015,Sub-Saharan Africa
0.19184,0.21333,147,Madagascar,0.08124,0.20824,0.46721,3.681,0.66801,2015,Sub-Saharan Africa
0.48879,0.23835,148,Central African Republic,0.08289,0.0785,0.06699,3.678,0.0,2015,Sub-Saharan Africa
0.23501,0.18386,149,Chad,0.05269,0.34193,0.1501,3.667,0.76062,2015,Sub-Saharan Africa
0.37725,0.28657,150,Guinea,0.12139,0.17417,0.24009,3.656,0.46475,2015,Sub-Saharan Africa
0.46866,0.20165,151,Ivory Coast,0.17922,0.46534,0.15185,3.655,0.77115,2015,Sub-Saharan Africa
0.39493,0.21747,152,Burkina Faso,0.12832,0.25812,0.27125,3.587,0.85188,2015,Sub-Saharan Africa
0.23414,0.3651,153,Afghanistan,0.09719,0.31982,0.30335,3.575,0.30285,2015,Southern Asia
0.59201,0.22628,154,Rwanda,0.55191,0.22208,0.42864,3.465,0.7737,2015,Sub-Saharan Africa
0.4845,0.1826,155,Benin,0.0801,0.28665,0.3191,3.34,0.35386,2015,Sub-Saharan Africa
0.15684,0.47179,156,Syria,0.18906,0.6632,0.72193,3.006,0.47489,2015,Middle East and Northern Africa
0.1185,0.19727,157,Burundi,0.10062,0.0153,0.22396,2.905,0.41587,2015,Sub-Saharan Africa
0.36453,0.16681,158,Togo,0.10731,0.20868,0.28443,2.839,0.13995,2015,Sub-Saharan Africa
0.57941,0.36171,1,Denmark,0.44453,1.44178,0.79504,7.526,1.16374,2016,Western Europe
0.58557,0.28083,2,Switzerland,0.41203,1.52733,0.86303,7.509,1.14524,2016,Western Europe
0.56624,0.47678,3,Iceland,0.14975,1.42666,0.86733,7.501,1.18326,2016,Western Europe
0.59609,0.37895,4,Norway,0.35776,1.57744,0.79579,7.498,1.1269,2016,Western Europe
0.57104,0.25492,5,Finland,0.41004,1.40598,0.81091,7.413,1.13464,2016,Western Europe
0.5737,0.44834,6,Canada,0.31329,1.44015,0.8276,7.404,1.0961,2016,North America
0.55211,0.47416,7,Netherlands,0.29927,1.46468,0.81231,7.339,1.02912,2016,Western Europe
0.58147,0.49401,8,New Zealand,0.41904,1.36066,0.83096,7.334,1.17278,2016,Australia and New Zealand
0.56837,0.47407,9,Australia,0.32331,1.44443,0.8512,7.313,1.10476,2016,Australia and New Zealand
0.58218,0.38254,10,Sweden,0.40867,1.45181,0.83121,7.291,1.08764,2016,Western Europe
0.36432,0.32288,11,Israel,0.08728,1.33766,0.84917,7.267,0.99537,2016,Middle East and Northern Africa
0.54355,0.32865,12,Austria,0.21348,1.45038,0.80565,7.119,1.08383,2016,Western Europe
0.48163,0.41077,13,United States,0.14868,1.50796,0.779,7.104,1.04782,2016,North America
0.55225,0.22553,14,Costa Rica,0.10547,1.06879,0.76146,7.087,1.02152,2016,Latin America and Caribbean
0.46823,0.22202,15,Puerto Rico,0.12275,1.35943,0.77758,7.039,1.08113,2016,North America
0.53466,0.30452,16,Germany,0.28551,1.44787,0.81487,6.994,1.09774,2016,Western Europe
0.40425,0.15776,17,Brazil,0.14166,1.08754,0.61415,6.952,1.03938,2016,Latin America and Caribbean
0.51354,0.2424,18,Belgium,0.26248,1.42539,0.81959,6.929,1.05249,2016,Western Europe
0.54008,0.44963,19,Ireland,0.29754,1.48341,0.81455,6.907,1.16157,2016,Western Europe
0.5487,0.27571,20,Luxembourg,0.35329,1.69752,0.84542,6.871,1.03999,2016,Western Europe
0.37709,0.11735,21,Mexico,0.18355,1.11508,0.71143,6.778,0.7146,2016,Latin America and Caribbean
0.4877,0.32706,22,Singapore,0.46987,1.64555,0.94719,6.739,0.86758,2016,Southeastern Asia
0.50036,0.50156,23,United Kingdom,0.27399,1.40283,0.80991,6.725,1.08672,2016,Western Europe
0.37789,0.31595,24,Chile,0.11451,1.2167,0.81883,6.705,0.90587,2016,Latin America and Caribbean
0.48927,0.2418,25,Panama,0.08423,1.18306,0.70835,6.701,0.98912,2016,Latin America and Caribbean
0.42284,0.10989,26,Argentina,0.07296,1.15137,0.69711,6.65,1.06612,2016,Latin America and Caribbean
0.41418,0.09929,27,Czech Republic,0.03986,1.30915,0.76376,6.596,1.00793,2016,Central and Eastern Europe
0.56215,0.26591,28,United Arab Emirates,0.35561,1.57352,0.72993,6.573,0.87114,2016,Middle East and Northern Africa
0.54388,0.18056,29,Uruguay,0.21394,1.18157,0.72183,6.545,1.03143,2016,Latin America and Caribbean
0.54994,0.56237,30,Malta,0.17554,1.30782,0.80315,6.488,1.09879,2016,Western Europe
0.44735,0.15626,31,Colombia,0.05399,1.03032,0.59659,6.481,1.02169,2016,Latin America and Caribbean
0.46562,0.1216,32,France,0.17808,1.39488,0.83795,6.478,1.00508,2016,Western Europe
0.49553,0.58696,33,Thailand,0.02833,1.0893,0.64915,6.474,1.04477,2016,Southeastern Asia
0.37904,0.15457,34,Saudi Arabia,0.30008,1.48953,0.59267,6.379,0.84829,2016,Middle East and Northern Africa
0.32377,0.25495,34,Taiwan,0.0663,1.39729,0.79565,6.379,0.92624,2016,Eastern Asia
0.56679,0.32388,36,Qatar,0.48049,1.82427,0.71723,6.375,0.87964,2016,Middle East and Northern Africa
0.37545,0.17665,37,Spain,0.06137,1.34253,0.87896,6.361,1.12945,2016,Western Europe
0.21006,0.07044,38,Algeria,0.16157,1.05266,0.61804,6.355,0.83309,2016,Middle East and Northern Africa
0.50379,0.28808,39,Guatemala,0.08701,0.83454,0.54039,6.324,0.87119,2016,Latin America and Caribbean
0.52234,0.16665,40,Suriname,0.12692,1.09686,0.50933,6.269,0.77866,2016,Latin America and Caribbean
0.43166,0.15965,41,Kuwait,0.23669,1.61714,0.63569,6.239,0.87758,2016,Middle East and Northern Africa
0.47375,0.17147,42,Bahrain,0.25772,1.44024,0.65696,6.218,0.94397,2016,Middle East and Northern Africa
0.48453,0.31935,43,Trinidad and Tobago,0.01241,1.32572,0.52608,6.168,0.98569,2016,Latin America and Caribbean
0.19847,0.0425,44,Venezuela,0.08304,1.13367,0.61904,6.084,1.03302,2016,Latin America and Caribbean
0.23391,0.13837,45,Slovakia,0.02947,1.27973,0.70367,6.078,1.08268,2016,Central and Eastern Europe
0.37269,0.08877,46,El Salvador,0.10613,0.8737,0.596,6.068,0.80975,2016,Latin America and Caribbean
0.39031,0.41474,47,Malaysia,0.09081,1.25142,0.62366,6.005,0.88025,2016,Southeastern Asia
0.46582,0.29773,48,Nicaragua,0.16292,0.69384,0.65213,5.992,0.89521,2016,Latin America and Caribbean
0.60848,0.34326,49,Uzbekistan,0.28333,0.73591,0.50163,5.987,1.1681,2016,Central and Eastern Europe
0.18827,0.16684,50,Italy,0.02556,1.35495,0.85102,5.977,1.04167,2016,Western Europe
0.4027,0.10074,51,Ecuador,0.18037,0.97306,0.68613,5.976,0.85974,2016,Latin America and Caribbean
0.51231,0.23684,52,Belize,0.10771,0.87616,0.45569,5.956,0.68655,2016,Latin America and Caribbean
0.46761,0.10224,53,Japan,0.18985,1.38007,0.91491,5.921,1.06054,2016,Eastern Asia
0.4052,0.15011,54,Kazakhstan,0.11132,1.22943,0.57386,5.919,0.95544,2016,Central and Eastern Europe
0.25202,0.19997,55,Moldova,0.01903,0.69177,0.52309,5.897,0.83132,2016,Central and Eastern Europe
0.32682,0.02736,56,Russia,0.03586,1.23228,0.58991,5.856,1.05261,2016,Central and Eastern Europe
0.4519,0.14443,57,Poland,0.055,1.24585,0.69058,5.835,1.04685,2016,Central and Eastern Europe
0.25168,0.18824,57,South Korea,0.07716,1.35948,0.88645,5.835,0.72194,2016,Eastern Asia
0.50961,0.21698,59,Bolivia,0.07746,0.79422,0.4697,5.822,0.83779,2016,Latin America and Caribbean
0.18929,0.02025,60,Lithuania,0.0182,1.2692,0.64674,5.813,1.06411,2016,Central and Eastern Europe
0.29091,0.13942,61,Belarus,0.17457,1.13062,0.63104,5.802,1.04993,2016,Central and Eastern Europe
0.43596,0.26322,62,North Cyprus,0.16578,1.31141,0.84142,5.771,0.81826,2016,Central and Eastern Europe
0.53164,0.25738,63,Slovenia,0.03635,1.29947,0.79151,5.768,1.05613,2016,Western Europe
0.37502,0.14527,64,Peru,0.05292,0.99602,0.62994,5.743,0.81255,2016,Latin America and Caribbean
0.37408,0.22567,65,Turkmenistan,0.28467,1.08017,0.44006,5.658,1.03817,2016,Central and Eastern Europe
0.46145,0.36951,66,Mauritius,0.05203,1.14372,0.66189,5.648,0.75695,2016,Sub-Saharan Africa
0.40672,0.17087,67,Libya,0.10339,1.06688,0.52304,5.615,0.95076,2016,Middle East and Northern Africa
0.27996,0.17445,68,Latvia,0.0889,1.21788,0.63952,5.56,0.95025,2016,Central and Eastern Europe
0.29507,0.27906,69,Cyprus,0.05228,1.31857,0.8488,5.546,0.70697,2016,Central and Eastern Europe
0.46235,0.25296,70,Paraguay,0.07396,0.89373,0.58295,5.538,1.11111,2016,Latin America and Caribbean
0.36712,0.12889,71,Romania,0.00679,1.1697,0.67602,5.528,0.72803,2016,Central and Eastern Europe
0.41511,0.08423,72,Estonia,0.18519,1.27964,0.68098,5.517,1.05163,2016,Central and Eastern Europe
0.43597,0.22245,73,Jamaica,0.04294,0.89333,0.59469,5.51,0.96372,2016,Latin America and Caribbean
0.23907,0.18434,74,Croatia,0.04002,1.18649,0.70524,5.488,0.60809,2016,Central and Eastern Europe
0.48079,0.40097,75,Hong Kong,0.31647,1.5107,0.95277,5.458,0.87021,2016,Eastern Asia
0.56778,0.27225,76,Somalia,0.3118,0.0,0.11466,5.44,0.33613,2016,Sub-Saharan Africa
0.14396,0.27992,77,Kosovo,0.06547,0.90145,0.54,5.401,0.66062,2016,Central and Eastern Europe
0.23889,0.04707,78,Turkey,0.12348,1.16492,0.64718,5.389,0.87717,2016,Middle East and Northern Africa
0.39237,0.56521,79,Indonesia,0.00322,0.95104,0.49374,5.314,0.87625,2016,Southeastern Asia
0.36023,0.14262,80,Jordan,0.13297,0.99673,0.60712,5.303,0.86216,2016,Middle East and Northern Africa
0.35327,0.0564,81,Azerbaijan,0.17914,1.12373,0.54504,5.291,0.76042,2016,Central and Eastern Europe
0.54854,0.21674,82,Philippines,0.11757,0.81217,0.47036,5.279,0.87877,2016,Southeastern Asia
0.44012,0.04959,83,China,0.02745,1.0278,0.73561,5.245,0.79381,2016,Eastern Asia
0.46074,0.48546,84,Bhutan,0.1616,0.8527,0.49759,5.196,0.90836,2016,Southern Asia
0.40212,0.38432,85,Kyrgyzstan,0.04762,0.56044,0.55449,5.185,0.95434,2016,Central and Eastern Europe
0.15718,0.20737,86,Serbia,0.04339,1.03437,0.6458,5.177,0.81329,2016,Central and Eastern Europe
0.09511,0.29889,87,Bosnia and Herzegovina,0.0,0.93383,0.70766,5.163,0.64367,2016,Central and Eastern Europe
0.15111,0.17191,88,Montenegro,0.12721,1.07838,0.63533,5.161,0.74173,2016,Central and Eastern Europe
0.52259,0.21286,89,Dominican Republic,0.12372,1.02787,0.57669,5.155,0.99496,2016,Latin America and Caribbean
0.25646,0.04053,90,Morocco,0.08404,0.84058,0.59471,5.151,0.38595,2016,Middle East and Northern Africa
0.1977,0.099,91,Hungary,0.04472,1.24142,0.67608,5.145,0.93164,2016,Central and Eastern Europe
0.14622,0.31185,92,Pakistan,0.1388,0.68816,0.40306,5.132,0.26135,2016,Southern Asia
0.26228,0.23693,93,Lebanon,0.03061,1.12268,0.76171,5.129,0.64184,2016,Middle East and Northern Africa
0.44727,0.11691,94,Portugal,0.01521,1.27607,0.79363,5.123,0.94367,2016,Western Europe
0.27668,0.23507,95,Macedonia,0.07047,1.0193,0.64738,5.121,0.78236,2016,Central and Eastern Europe
0.55954,0.25075,96,Vietnam,0.11556,0.74037,0.66157,5.061,0.79117,2016,Southeastern Asia
0.3913,0.51479,97,Somaliland Region,0.36794,0.25558,0.33108,5.057,0.75862,2016,Sub-Saharan Africa
0.23553,0.03936,98,Tunisia,0.0817,0.97724,0.59577,5.045,0.43165,2016,Middle East and Northern Africa
0.05822,0.0,99,Greece,0.04127,1.24886,0.80029,5.033,0.75473,2016,Western Europe
0.43408,0.25998,100,Tajikistan,0.13509,0.48835,0.53119,4.996,0.75602,2016,Central and Eastern Europe
0.35972,0.34539,101,Mongolia,0.03285,0.98853,0.55469,4.907,1.08983,2016,Eastern Asia
0.52168,0.43079,102,Laos,0.22423,0.68042,0.38291,4.876,0.5497,2016,Southeastern Asia
0.27854,0.23219,103,Nigeria,0.0305,0.75216,0.05108,4.875,0.64498,2016,Sub-Saharan Africa
0.26755,0.2044,104,Honduras,0.06906,0.69429,0.58383,4.871,0.75596,2016,Latin America and Caribbean
0.22544,0.38538,105,Iran,0.0557,1.11758,0.64232,4.813,0.38857,2016,Middle East and Northern Africa
0.42662,0.17866,106,Zambia,0.11479,0.61202,0.23573,4.795,0.6376,2016,Sub-Saharan Africa
0.37012,0.3816,107,Nepal,0.07008,0.44626,0.50073,4.793,0.69699,2016,Southern Asia
0.17744,0.11154,108,Palestinian Territories,0.10613,0.67024,0.56844,4.754,0.71629,2016,Middle East and Northern Africa
0.31866,0.1684,109,Albania,0.05301,0.9553,0.73007,4.655,0.50163,2016,Central and Eastern Europe
0.39778,0.19132,110,Bangladesh,0.12583,0.54177,0.52989,4.643,0.24749,2016,Southern Asia
0.30685,0.23897,111,Sierra Leone,0.08196,0.36485,0.0,4.635,0.628,2016,Sub-Saharan Africa
0.24856,0.19589,112,Iraq,0.13636,1.07474,0.51076,4.575,0.59205,2016,Middle East and Northern Africa
0.48614,0.07795,113,Namibia,0.10398,0.93287,0.34745,4.574,0.70362,2016,Sub-Saharan Africa
0.42736,0.2268,114,Cameroon,0.06126,0.52497,0.12698,4.513,0.62542,2016,Sub-Saharan Africa
0.36703,0.29522,115,Ethiopia,0.1717,0.29283,0.34578,4.508,0.37932,2016,Sub-Saharan Africa
0.42483,0.13656,116,South Africa,0.08415,1.02416,0.18611,4.459,0.96053,2016,Sub-Saharan Africa
0.50817,0.46978,117,Sri Lanka,0.07964,0.97318,0.62007,4.415,0.84783,2016,Southern Asia
0.40285,0.25028,118,India,0.08722,0.74036,0.45091,4.404,0.29247,2016,Southern Asia
0.42692,0.81971,119,Myanmar,0.20243,0.34112,0.3988,4.395,0.69981,2016,Southeastern Asia
0.18847,0.12706,120,Egypt,0.10393,0.95395,0.52116,4.362,0.49813,2016,Middle East and Northern Africa
0.14037,0.07793,121,Armenia,0.03616,0.86086,0.64083,4.36,0.62477,2016,Central and Eastern Europe
0.40576,0.41328,122,Kenya,0.06686,0.52267,0.30147,4.356,0.7624,2016,Sub-Saharan Africa
0.12859,0.20363,123,Ukraine,0.01829,0.87287,0.58628,4.324,1.01413,2016,Central and Eastern Europe
0.40973,0.21203,124,Ghana,0.0326,0.63107,0.29681,4.276,0.49353,2016,Sub-Saharan Africa
0.15602,0.25458,125,Congo (Kinshasa),0.06075,0.05661,0.188,4.272,0.80676,2016,Sub-Saharan Africa
0.32461,0.06786,126,Georgia,0.3188,0.83792,0.64035,4.252,0.19249,2016,Central and Eastern Europe
0.37938,0.12077,127,Congo (Brazzaville),0.09753,0.77109,0.28212,4.236,0.47799,2016,Sub-Saharan Africa
0.31056,0.19103,128,Senegal,0.11681,0.44314,0.40457,4.219,0.77416,2016,Sub-Saharan Africa
0.21219,0.12793,129,Bulgaria,0.00615,1.11306,0.67806,4.217,0.92542,2016,Central and Eastern Europe
0.1268,0.22686,130,Mauritania,0.17955,0.61391,0.28639,4.201,0.84142,2016,Sub-Saharan Africa
0.25429,0.18503,131,Zimbabwe,0.08582,0.35041,0.1595,4.193,0.71478,2016,Sub-Saharan Africa
0.4143,0.30968,132,Malawi,0.07564,0.08709,0.29364,4.156,0.147,2016,Sub-Saharan Africa
0.0,0.18077,133,Sudan,0.10039,0.63069,0.29759,4.139,0.81928,2016,Sub-Saharan Africa
0.28098,0.06244,134,Gabon,0.09314,1.15851,0.3494,4.121,0.72368,2016,Sub-Saharan Africa
0.27544,0.21064,135,Mali,0.13647,0.31292,0.16347,4.073,0.86333,2016,Sub-Saharan Africa
0.12072,0.47958,136,Haiti,0.14476,0.34097,0.27494,4.028,0.29561,2016,Latin America and Caribbean
0.44089,0.12425,137,Botswana,0.10769,1.09426,0.34752,3.974,0.89186,2016,Sub-Saharan Africa
0.15412,0.1827,138,Comoros,0.18437,0.27509,0.29981,3.956,0.60323,2016,Sub-Saharan Africa
0.40663,0.20338,139,Ivory Coast,0.1553,0.55507,0.04476,3.916,0.57576,2016,Sub-Saharan Africa
0.58852,0.40339,140,Cambodia,0.08092,0.55604,0.42494,3.907,0.5375,2016,Southeastern Asia
0.00589,0.12071,141,Angola,0.08434,0.84731,0.04991,3.866,0.66366,2016,Sub-Saharan Africa
0.38041,0.2097,142,Niger,0.17176,0.1327,0.26162,3.856,0.6053,2016,Sub-Saharan Africa
0.19662,0.25899,143,South Sudan,0.13015,0.39394,0.15781,3.832,0.18519,2016,Sub-Saharan Africa
0.12807,0.18667,144,Chad,0.04952,0.42214,0.03824,3.763,0.63178,2016,Sub-Saharan Africa
0.3337,0.24353,145,Burkina Faso,0.12533,0.31995,0.21297,3.739,0.63054,2016,Sub-Saharan Africa
0.43653,0.27102,145,Uganda,0.06442,0.34719,0.19625,3.739,0.90981,2016,Sub-Saharan Africa
0.2287,0.09821,147,Yemen,0.05892,0.57939,0.31048,3.724,0.47493,2016,Middle East and Northern Africa
0.13684,0.2204,148,Madagascar,0.07506,0.27954,0.37109,3.695,0.46115,2016,Sub-Saharan Africa
0.3176,0.31472,149,Tanzania,0.05099,0.47155,0.357,3.666,0.77623,2016,Sub-Saharan Africa
0.25748,0.24063,150,Liberia,0.04852,0.10706,0.23165,3.622,0.50353,2016,Sub-Saharan Africa
0.30953,0.29914,151,Guinea,0.1192,0.22415,0.18829,3.607,0.3109,2016,Sub-Saharan Africa
0.5432,0.23552,152,Rwanda,0.50521,0.32846,0.31865,3.515,0.61586,2016,Sub-Saharan Africa
0.39747,0.2018,153,Benin,0.06681,0.39499,0.21028,3.484,0.10419,2016,Sub-Saharan Africa
0.1643,0.31268,154,Afghanistan,0.07112,0.38227,0.17344,3.36,0.11037,2016,Southern Asia
0.34678,0.17517,155,Togo,0.11587,0.28123,0.24811,3.303,0.0,2016,Sub-Saharan Africa
0.06912,0.48397,156,Syria,0.17233,0.74719,0.62994,3.069,0.14866,2016,Middle East and Northern Africa
0.0432,0.2029,157,Burundi,0.09419,0.06831,0.15747,2.905,0.23442,2016,Sub-Saharan Africa
0.635422587394714,0.36201223731041,1,Norway,0.315963834524155,1.61646318435669,0.796666502952576,7.53700017929077,1.53352355957031,2017,Western Europe
0.626006722450256,0.355280488729477,2,Denmark,0.40077006816864,1.48238301277161,0.792565524578094,7.52199983596802,1.55112159252167,2017,Western Europe
0.627162635326385,0.475540220737457,3,Iceland,0.153526559472084,1.480633020401,0.833552122116089,7.50400018692017,1.6105740070343,2017,Western Europe
0.620070576667786,0.290549278259277,4,Switzerland,0.367007285356522,1.56497955322266,0.858131289482117,7.49399995803833,1.51691174507141,2017,Western Europe
0.617950856685638,0.24548277258873,5,Finland,0.38261154294014,1.44357192516327,0.80915766954422,7.4689998626709,1.5402467250824,2017,Western Europe
0.585384488105774,0.470489829778671,6,Netherlands,0.282661825418472,1.50394463539124,0.810696125030518,7.3769998550415,1.42893922328949,2017,Western Europe
0.611100912094116,0.435539722442627,7,Canada,0.287371516227722,1.47920441627502,0.83455765247345,7.31599998474121,1.48134899139404,2017,North America
0.614062130451202,0.500005125999451,8,New Zealand,0.382816702127457,1.40570604801178,0.816759705543518,7.31400012969971,1.54819512367249,2017,Australia and New Zealand
0.612924098968506,0.385399252176285,9,Sweden,0.384398728609085,1.49438726902008,0.830875158309937,7.28399991989136,1.47816216945648,2017,Western Europe
0.601607382297516,0.477699249982834,10,Australia,0.301183730363846,1.484414935112,0.84388679265976,7.28399991989136,1.51004195213318,2017,Australia and New Zealand
0.405988603830338,0.330082654953003,11,Israel,0.0852421000599861,1.37538242340088,0.83840399980545,7.21299982070923,1.37628996372223,2017,Middle East and Northern Africa
0.580131649971008,0.214613229036331,12,Costa Rica,0.100106589496136,1.10970628261566,0.759509265422821,7.0789999961853,1.41640365123749,2017,Latin America and Caribbean
0.567766189575195,0.316472321748734,13,Austria,0.221060365438461,1.48709726333618,0.815328419208527,7.00600004196167,1.4599449634552,2017,Western Europe
0.505740523338318,0.392578780651093,14,United States,0.135638788342476,1.54625928401947,0.77428662776947,6.99300003051758,1.41992056369781,2017,North America
0.573110342025757,0.42785832285881,15,Ireland,0.29838815331459,1.53570663928986,0.80978262424469,6.97700023651123,1.55823111534119,2017,Western Europe
0.562511384487152,0.336269170045853,16,Germany,0.276731938123703,1.48792338371277,0.798950731754303,6.95100021362305,1.47252035140991,2017,Western Europe
0.539770722389221,0.231503337621689,17,Belgium,0.251343131065369,1.46378076076508,0.818091869354248,6.89099979400635,1.46231269836426,2017,Western Europe
0.59662789106369,0.283180981874466,18,Luxembourg,0.31883442401886,1.74194359779358,0.845089495182037,6.86299991607666,1.45758366584778,2017,Western Europe
0.508190035820007,0.492774158716202,19,United Kingdom,0.265428066253662,1.44163393974304,0.805335938930511,6.71400022506714,1.49646008014679,2017,Western Europe
0.376895278692245,0.326662421226501,20,Chile,0.0822879821062088,1.25278460979462,0.819479703903198,6.65199995040894,1.28402495384216,2017,Latin America and Caribbean
0.60834527015686,0.3609419465065,21,United Arab Emirates,0.324489563703537,1.62634336948395,0.726798236370087,6.64799976348877,1.26641023159027,2017,Middle East and Northern Africa
0.437453746795654,0.16234989464283,22,Brazil,0.111092761158943,1.10735321044922,0.616552352905273,6.63500022888184,1.43130600452423,2017,Latin America and Caribbean
0.490946173667908,0.0881067588925362,23,Czech Republic,0.0368729270994663,1.35268235206604,0.754444003105164,6.60900020599365,1.43388521671295,2017,Central and Eastern Europe
0.494519203901291,0.109457060694695,24,Argentina,0.059739887714386,1.18529546260834,0.695137083530426,6.59899997711182,1.44045114517212,2017,Latin America and Caribbean
0.412730008363724,0.120990432798862,25,Mexico,0.132774114608765,1.15318381786346,0.709978997707367,6.57800006866455,1.210862159729,2017,Latin America and Caribbean
0.549840569496155,0.345965981483459,26,Singapore,0.46430778503418,1.69227766990662,0.949492394924164,6.57200002670288,1.35381436347961,2017,Southeastern Asia
0.588767051696777,0.574730575084686,27,Malta,0.153066068887711,1.34327983856201,0.821944236755371,6.52699995040894,1.48841166496277,2017,Western Europe
0.57939225435257,0.175096929073334,28,Uruguay,0.178061872720718,1.21755969524384,0.719216823577881,6.4539999961853,1.41222786903381,2017,Latin America and Caribbean
0.531310617923737,0.283488392829895,29,Guatemala,0.0772232785820961,0.872001945972443,0.540239989757538,6.4539999961853,1.25558519363403,2017,Latin America and Caribbean
0.550026834011078,0.21055693924427,30,Panama,0.070983923971653,1.23374843597412,0.706156134605408,6.4520001411438,1.37319254875183,2017,Latin America and Caribbean
0.470222115516663,0.129762306809425,31,France,0.172502428293228,1.43092346191406,0.844465851783752,6.44199991226196,1.38777685165405,2017,Western Europe
0.580200731754303,0.572123110294342,32,Thailand,0.0316127352416515,1.12786877155304,0.647239029407501,6.42399978637695,1.42579245567322,2017,Southeastern Asia
0.361466586589813,0.258360475301743,33,Taiwan Province of China,0.0638292357325554,1.43362653255463,0.793984234333038,6.42199993133545,1.38456535339355,2017,Eastern Asia
0.408781230449677,0.190133571624756,34,Spain,0.0709140971302986,1.38439786434174,0.888960599899292,6.40299987792969,1.53209090232849,2017,Western Europe
0.604130983352661,0.330473870038986,35,Qatar,0.439299255609512,1.87076568603516,0.710098087787628,6.375,1.27429687976837,2017,Middle East and Northern Africa
0.477487415075302,0.149014472961426,36,Colombia,0.0466687418520451,1.07062232494354,0.595027923583984,6.35699987411499,1.4021829366684,2017,Latin America and Caribbean
0.449750572443008,0.147616013884544,37,Saudi Arabia,0.27343225479126,1.53062355518341,0.590148329734802,6.3439998626709,1.28667759895325,2017,Middle East and Northern Africa
0.518630743026733,0.325296461582184,38,Trinidad and Tobago,0.0089648161083459,1.36135590076447,0.519983291625977,6.16800022125244,1.3802285194397,2017,Latin America and Caribbean
0.496337592601776,0.228289797902107,39,Kuwait,0.215159550309181,1.63295245170593,0.632105708122253,6.10500001907349,1.25969874858856,2017,Middle East and Northern Africa
0.295817464590073,0.136544480919838,40,Slovakia,0.0242108516395092,1.32539355754852,0.712732911109924,6.09800004959106,1.50505924224854,2017,Central and Eastern Europe
0.536746919155121,0.172668486833572,41,Bahrain,0.257042169570923,1.48841226100922,0.653133034706116,6.08699989318848,1.32311046123505,2017,Middle East and Northern Africa
0.402264982461929,0.416608929634094,42,Malaysia,0.0656007081270218,1.29121541976929,0.618784427642822,6.08400011062622,1.28464603424072,2017,Southeastern Asia
0.447551846504211,0.301674216985703,43,Nicaragua,0.130687981843948,0.737299203872681,0.653095960617065,6.07100009918213,1.28721570968628,2017,Latin America and Caribbean
0.4551981985569,0.150112465023994,44,Ecuador,0.140134647488594,1.00082039833069,0.685636222362518,6.00799989700317,1.28616881370544,2017,Latin America and Caribbean
0.432452529668808,0.0782579854130745,45,El Salvador,0.0899809598922729,0.909784495830536,0.596018552780151,6.00299978256226,1.18212509155273,2017,Latin America and Caribbean
0.520342111587524,0.158465966582298,46,Poland,0.0593078061938286,1.29178786277771,0.699475347995758,5.97300004959106,1.44571197032928,2017,Central and Eastern Europe
0.658248662948608,0.415983647108078,47,Uzbekistan,0.246528223156929,0.786441087722778,0.498272627592087,5.97100019454956,1.54896914958954,2017,Central and Eastern Europe
0.256450712680817,0.17278964817524,48,Italy,0.0280280914157629,1.39506661891937,0.853144347667694,5.96400022506714,1.44492328166962,2017,Western Europe
0.373783111572266,0.0522638224065304,49,Russia,0.0329628810286522,1.28177809715271,0.547349333763123,5.96299982070923,1.46928238868713,2017,Central and Eastern Europe
0.547509372234344,0.240015640854836,50,Belize,0.0965810716152191,0.907975316047668,0.450191766023636,5.95599985122681,1.08141779899597,2017,Latin America and Caribbean
0.505625545978546,0.12057276815176,51,Japan,0.163760736584663,1.41691517829895,0.913475871086121,5.92000007629395,1.43633782863617,2017,Eastern Asia
0.234231784939766,0.010164656676352,52,Lithuania,0.0118656428530812,1.31458234786987,0.62894994020462,5.90199995040894,1.47351610660553,2017,Central and Eastern Europe
0.233335807919502,0.0694366469979286,53,Algeria,0.146096110343933,1.09186446666718,0.617584645748138,5.87200021743774,1.1462174654007,2017,Middle East and Northern Africa
0.325707912445068,0.153074786067009,54,Latvia,0.0738427266478539,1.26074862480164,0.638566970825195,5.84999990463257,1.40471494197845,2017,Central and Eastern Europe
0.257921665906906,0.206674367189407,55,South Korea,0.0632826685905457,1.40167844295502,0.900214076042175,5.83799982070923,1.12827444076538,2017,Eastern Asia
0.240729048848152,0.208779126405716,56,Moldova,0.0100912861526012,0.728870630264282,0.589465200901031,5.83799982070923,1.25182557106018,2017,Central and Eastern Europe
0.457003742456436,0.133519917726517,57,Romania,0.00438790069893,1.21768391132355,0.685158312320709,5.82499980926514,1.15009129047394,2017,Central and Eastern Europe
0.558732926845551,0.22556072473526,58,Bolivia,0.0604777261614799,0.833756566047668,0.473630249500275,5.82299995422363,1.22761905193329,2017,Latin America and Caribbean
0.41827192902565,0.24992498755455,59,Turkmenistan,0.259270340204239,1.13077676296234,0.437726080417633,5.82200002670288,1.49314916133881,2017,Central and Eastern Europe
0.437454283237457,0.201964423060417,60,Kazakhstan,0.119282886385918,1.28455626964569,0.606041550636292,5.81899976730347,1.38436901569366,2017,Central and Eastern Europe
0.471203625202179,0.266845703125,61,North Cyprus,0.155353352427483,1.3469113111496,0.834647238254547,5.80999994277954,1.18630337715149,2017,Central and Eastern Europe
0.572575807571411,0.242649093270302,62,Slovenia,0.0451289787888527,1.3412059545517,0.790828227996826,5.75799989700317,1.45251882076263,2017,Western Europe
0.450002878904343,0.126819714903831,63,Peru,0.0470490865409374,1.03522527217865,0.630166113376617,5.71500015258789,1.21877038478851,2017,Latin America and Caribbean
0.491247326135635,0.360933750867844,64,Mauritius,0.0421815551817417,1.18939554691315,0.638007462024689,5.62900018692017,1.20956099033356,2017,Sub-Saharan Africa
0.355111539363861,0.271254301071167,65,Cyprus,0.0412379764020443,1.35593807697296,0.84471470117569,5.62099981307983,1.13136327266693,2017,Central and Eastern Europe
0.479131430387497,0.0988908112049103,66,Estonia,0.183248922228813,1.32087934017181,0.695168316364288,5.61100006103516,1.47667109966278,2017,Central and Eastern Europe
0.295400261878967,0.15513750910759,67,Belarus,0.156313821673393,1.15655755996704,0.637714266777039,5.56899976730347,1.44494521617889,2017,Central and Eastern Europe
0.465733230113983,0.152073666453362,68,Libya,0.0926102101802826,1.10180306434631,0.520169019699097,5.52500009536743,1.35756433010101,2017,Middle East and Northern Africa
0.300740599632263,0.0466930419206619,69,Turkey,0.0996715798974037,1.19827437400818,0.637605607509613,5.5,1.33775317668915,2017,Middle East and Northern Africa
0.473507791757584,0.224150657653809,70,Paraguay,0.091065913438797,0.932537317276001,0.579250693321228,5.49300003051758,1.50728487968445,2017,Latin America and Caribbean
0.490968644618988,0.374465793371201,71,"Hong Kong S.A.R., China",0.293933749198914,1.55167484283447,0.943062424659729,5.47200012207031,1.26279091835022,2017,Eastern Asia
0.585214674472809,0.193513423204422,72,Philippines,0.0993318930268288,0.85769921541214,0.468009054660797,5.42999982833862,1.25391757488251,2017,Southeastern Asia
0.208715528249741,0.220125883817673,73,Serbia,0.0409037806093693,1.06931757926941,0.65078467130661,5.39499998092651,1.25818979740143,2017,Central and Eastern Europe
0.418421149253845,0.172170460224152,74,Jordan,0.11980327218771,0.991012394428253,0.604590058326721,5.33599996566772,1.23908889293671,2017,Middle East and Northern Africa
0.175863519310951,0.0784016624093056,75,Hungary,0.0366369374096394,1.2860119342804,0.687763452529907,5.32399988174438,1.34313309192657,2017,Central and Eastern Europe
0.474307239055634,0.233818337321281,76,Jamaica,0.0552677810192108,0.925579309463501,0.641022384166718,5.31099987030029,1.36821806430817,2017,Latin America and Caribbean
0.255772292613983,0.248002976179123,77,Croatia,0.0431031100451946,1.22255623340607,0.701288521289825,5.29300022125244,0.96798300743103,2017,Central and Eastern Europe
0.260287940502167,0.319931447505951,78,Kosovo,0.0574716180562973,0.951484382152557,0.541452050209045,5.27899980545044,1.13785350322723,2017,Central and Eastern Europe
0.472787708044052,0.0288068410009146,79,China,0.0227942746132612,1.08116579055786,0.741415500640869,5.27299976348877,1.16083741188049,2017,Eastern Asia
0.23521526157856,0.315446019172668,80,Pakistan,0.124348066747189,0.72688353061676,0.402047783136368,5.26900005340576,0.672690689563751,2017,Southern Asia
0.443323463201523,0.611704587936401,81,Indonesia,0.0153171354904771,0.995538592338562,0.492345720529556,5.26200008392334,1.27444469928741,2017,Southeastern Asia
0.153997123241425,0.0650196298956871,82,Venezuela,0.0644911229610443,1.12843120098114,0.617144227027893,5.25,1.43133759498596,2017,Latin America and Caribbean
0.194989055395126,0.197911024093628,83,Montenegro,0.0881741940975189,1.12112903594971,0.667464673519135,5.23699998855591,1.23837649822235,2017,Central and Eastern Europe
0.408158332109451,0.0322099551558495,84,Morocco,0.0877631828188896,0.878114581108093,0.59771066904068,5.2350001335144,0.774864435195923,2017,Middle East and Northern Africa
0.398155838251114,0.0452693402767181,85,Azerbaijan,0.180987507104874,1.15360176563263,0.540775775909424,5.23400020599365,1.15240025520325,2017,Central and Eastern Europe
0.55258983373642,0.186967849731445,86,Dominican Republic,0.113945253193378,1.07937383651733,0.574873745441437,5.23000001907349,1.40241670608521,2017,Latin America and Caribbean
0.0957312509417534,0.0,87,Greece,0.04328977689147,1.28948748111725,0.810198903083801,5.22700023651123,1.23941457271576,2017,Western Europe
0.288515985012054,0.264450758695602,88,Lebanon,0.037513829767704,1.07498753070831,0.735081076622009,5.22499990463257,1.12962424755096,2017,Middle East and Northern Africa
0.498465299606323,0.0951027125120163,89,Portugal,0.0158694516867399,1.3151752948761,0.795843541622162,5.19500017166138,1.36704301834106,2017,Western Europe
0.204403176903725,0.328867495059967,90,Bosnia and Herzegovina,0.0,0.982409417629242,0.705186307430267,5.18200016021729,1.0693359375,2017,Central and Eastern Europe
0.348079860210419,0.236188873648643,91,Honduras,0.0733454525470734,0.730573117733002,0.582569479942322,5.18100023269653,1.14394497871399,2017,Latin America and Caribbean
0.325905978679657,0.25376096367836,92,Macedonia,0.0602777935564518,1.06457793712616,0.644948184490204,5.17500019073486,1.20789301395416,2017,Central and Eastern Europe
0.602126955986023,0.291631311178207,93,Somalia,0.282410323619843,0.0226431842893362,0.113989137113094,5.15100002288818,0.721151351928711,2017,Sub-Saharan Africa
0.571055591106415,0.234968051314354,94,Vietnam,0.0876332372426987,0.788547575473785,0.652168989181519,5.07399988174438,1.27749133110046,2017,Southeastern Asia
0.394952565431595,0.230947196483612,95,Nigeria,0.0261215660721064,0.783756256103516,0.0569157302379608,5.07399988174438,1.21577048301697,2017,Sub-Saharan Africa
0.471566706895828,0.248997643589973,96,Tajikistan,0.146377146244049,0.524713635444641,0.529235124588013,5.04099988937378,1.27146327495575,2017,Central and Eastern Europe
0.501537680625916,0.474054545164108,97,Bhutan,0.173380389809608,0.885416388511658,0.495879292488098,5.01100015640259,1.34012651443481,2017,Southern Asia
0.454943388700485,0.42858037352562,98,Kyrgyzstan,0.0394391790032387,0.596220076084137,0.553457796573639,5.00400018692017,1.39423859119415,2017,Central and Eastern Europe
0.440305948257446,0.394096165895462,99,Nepal,0.0729755461215973,0.479820191860199,0.504130780696869,4.96199989318848,1.17928326129913,2017,Southern Asia
0.394143968820572,0.338464230298996,100,Mongolia,0.0329022891819477,1.02723586559296,0.557783484458923,4.95499992370605,1.4930112361908,2017,Eastern Asia
0.479246735572815,0.139362379908562,101,South Africa,0.0725094974040985,1.05469870567322,0.187080070376396,4.8289999961853,1.38478863239288,2017,Sub-Saharan Africa
0.289680689573288,0.0496933571994305,102,Tunisia,0.0867231488227844,1.00726580619812,0.613212049007416,4.80499982833862,0.868351459503174,2017,Middle East and Northern Africa
0.25471106171608,0.114173173904419,103,Palestinian Territories,0.0892826020717621,0.716249227523804,0.565666973590851,4.77500009536743,1.15564715862274,2017,Middle East and Northern Africa
0.282110154628754,0.128631442785263,104,Egypt,0.114381365478039,0.989701807498932,0.520187258720398,4.7350001335144,0.997471392154694,2017,Middle East and Northern Africa
0.289231717586517,0.113177694380283,105,Bulgaria,0.0110515309497714,1.1614590883255,0.708217680454254,4.71400022506714,1.43437945842743,2017,Central and Eastern Europe
0.318697690963745,0.293040901422501,106,Sierra Leone,0.0710951760411263,0.36842092871666,0.0055647538974881,4.70900011062622,0.984136044979095,2017,Sub-Saharan Africa
0.430388748645782,0.236298456788063,107,Cameroon,0.0513066314160824,0.564305365085602,0.132892116904259,4.69500017166138,0.946018218994141,2017,Sub-Saharan Africa
0.249322608113289,0.387242913246155,108,Iran,0.048761073499918,1.15687310695648,0.639333188533783,4.69199991226196,0.711551249027252,2017,Middle East and Northern Africa
0.381498634815216,0.201312944293022,109,Albania,0.0398642159998417,0.996192753314972,0.731159746646881,4.64400005340576,0.803685247898102,2017,Central and Eastern Europe
0.478356659412384,0.172255352139473,110,Bangladesh,0.123717859387398,0.586682975292206,0.533241033554077,4.60799980163574,0.735131740570068,2017,Southern Asia
0.520303547382355,0.0771337449550629,111,Namibia,0.0931469723582268,0.964434325695038,0.33861181139946,4.57399988174438,1.0984708070755,2017,Sub-Saharan Africa
0.452763766050339,0.444860309362411,112,Kenya,0.0646413192152977,0.560479462146759,0.309988349676132,4.55299997329712,1.06795072555542,2017,Sub-Saharan Africa
0.480791091918945,0.322228103876114,113,Mozambique,0.179436385631561,0.234305649995804,0.106654435396194,4.55000019073486,0.870701014995575,2017,Sub-Saharan Africa
0.514492034912109,0.838075160980225,114,Myanmar,0.188816204667091,0.367110550403595,0.397522568702698,4.54500007629395,1.12323594093323,2017,Southeastern Asia
0.377922266721725,0.183468893170357,115,Senegal,0.115460447967052,0.479309022426605,0.409362852573395,4.53499984741211,1.17969191074371,2017,Sub-Saharan Africa
0.461603492498398,0.249580144882202,116,Zambia,0.0782135501503944,0.636406779289246,0.257835894823074,4.51399993896484,1.00318729877472,2017,Sub-Saharan Africa
0.288555532693863,0.19963726401329,117,Iraq,0.107215754687786,1.10271048545837,0.501180469989777,4.49700021743774,0.978613197803497,2017,Middle East and Northern Africa
0.312328577041626,0.0437853783369064,118,Gabon,0.0760467872023582,1.1982102394104,0.356578588485718,4.46500015258789,1.1556202173233,2017,Sub-Saharan Africa
0.408842742443085,0.312650740146637,119,Ethiopia,0.165455713868141,0.339233845472336,0.353409707546234,4.46000003814697,0.86466920375824,2017,Sub-Saharan Africa
0.561213254928589,0.490863561630249,120,Sri Lanka,0.0736539661884308,1.00985014438629,0.625130832195282,4.44000005722046,1.25997638702393,2017,Southern Asia
0.198303267359734,0.0834880918264389,121,Armenia,0.0266744215041399,0.900596737861633,0.637524425983429,4.37599992752075,1.00748372077942,2017,Central and Eastern Europe
0.469987004995346,0.231538489460945,122,India,0.0922268852591515,0.792221248149872,0.455427616834641,4.31500005722046,0.754372596740723,2017,Southern Asia
0.0960980430245399,0.201870024204254,123,Mauritania,0.136957004666328,0.648457288742065,0.285349279642105,4.29199981689453,1.2720308303833,2017,Sub-Saharan Africa
0.435025870800018,0.120852127671242,124,Congo (Brazzaville),0.0796181336045265,0.808964252471924,0.28995743393898,4.29099988937378,0.832044363021851,2017,Sub-Saharan Africa
0.309410035610199,0.0540088154375553,125,Georgia,0.251666635274887,0.950612664222717,0.649546980857849,4.28599977493286,0.57061493396759,2017,Central and Eastern Europe
0.235961347818375,0.246455833315849,126,Congo (Kinshasa),0.0602413564920425,0.0921023488044739,0.191407024860382,4.28000020980835,1.22902345657349,2017,Sub-Saharan Africa
0.306613743305206,0.183354198932648,127,Mali,0.104970246553421,0.476180493831635,0.169365674257278,4.19000005722046,1.28147339820862,2017,Sub-Saharan Africa
0.447706192731857,0.201237469911575,128,Ivory Coast,0.130061775445938,0.603048920631409,0.0486421696841717,4.17999982833862,0.904780030250549,2017,Sub-Saharan Africa
0.633375823497772,0.385922968387604,129,Cambodia,0.0681059509515762,0.601765096187592,0.429783403873444,4.16800022125244,1.00623834133148,2017,Southeastern Asia
0.0149958552792668,0.182317450642586,130,Sudan,0.089847519993782,0.65951669216156,0.290920823812485,4.13899993896484,1.21400856971741,2017,Sub-Saharan Africa
0.423026293516159,0.256923943758011,131,Ghana,0.0253363698720932,0.667224824428558,0.295637726783752,4.11999988555908,0.873664736747742,2017,Sub-Saharan Africa
0.122974775731564,0.270061463117599,132,Ukraine,0.0230294708162546,0.89465194940567,0.575903952121735,4.09600019454956,1.39453756809235,2017,Central and Eastern Europe
0.443185955286026,0.325766056776047,133,Uganda,0.057069718837738,0.381430715322495,0.217632606625557,4.08099985122681,1.12982773780823,2017,Sub-Saharan Africa
0.324367851018906,0.250864684581757,134,Burkina Faso,0.120328105986118,0.3502277135849,0.215844258666039,4.03200006484985,1.04328000545502,2017,Sub-Saharan Africa
0.36365869641304,0.228673845529556,135,Niger,0.138572946190834,0.161925330758095,0.26850500702858,4.02799987792969,0.993025004863739,2017,Sub-Saharan Africa
0.466914653778076,0.287170469760895,136,Malawi,0.0727116540074348,0.233442038297653,0.315089583396912,3.97000002861023,0.512568831443787,2017,Sub-Saharan Africa
0.16234202682972,0.216113850474358,137,Chad,0.0535818822681904,0.438012987375259,0.0411347150802612,3.93600010871887,0.953855872154236,2017,Sub-Saharan Africa
0.336384207010269,0.189143493771553,138,Zimbabwe,0.0953753814101219,0.375846534967422,0.196763753890991,3.875,1.08309590816498,2017,Sub-Saharan Africa
0.390661299228668,0.157497271895409,139,Lesotho,0.119094640016556,0.521021246910095,0.0,3.80800008773804,1.19009518623352,2017,Sub-Saharan Africa
0.0,0.097926490008831,140,Angola,0.0697203353047371,0.858428180217743,0.0498686656355858,3.79500007629395,1.10441195964813,2017,Sub-Saharan Africa
0.106179520487785,0.311870932579041,141,Afghanistan,0.0611578300595284,0.401477217674255,0.180746778845787,3.79399991035461,0.581543326377869,2017,Southern Asia
0.505196332931519,0.0993484482169151,142,Botswana,0.0985831990838051,1.12209415435791,0.341755509376526,3.76600003242493,1.22155499458313,2017,Sub-Saharan Africa
0.425962775945663,0.207948461174965,143,Benin,0.0609290152788162,0.431085407733917,0.209930211305618,3.65700006484985,0.435299843549728,2017,Sub-Saharan Africa
0.189196765422821,0.208732530474663,144,Madagascar,0.0672319754958153,0.305808693170547,0.375223308801651,3.64400005340576,0.913020372390747,2017,Sub-Saharan Africa
0.0303698573261499,0.489203780889511,145,Haiti,0.0998721495270729,0.368610262870789,0.277321130037308,3.6029999256134,0.640449821949005,2017,Latin America and Caribbean
0.249463722109795,0.104125209152699,146,Yemen,0.0567674227058887,0.591683447360992,0.310080915689468,3.59299993515015,0.93538224697113,2017,Middle East and Northern Africa
0.147062435746193,0.285670816898346,147,South Sudan,0.116793513298035,0.39724862575531,0.163486003875732,3.59100008010864,0.601323127746582,2017,Sub-Saharan Africa
0.332881182432175,0.26654988527298,148,Liberia,0.0389482490718365,0.119041793048382,0.229918196797371,3.53299999237061,0.872117936611176,2017,Sub-Saharan Africa
0.348587512969971,0.264815092086792,149,Guinea,0.110937617719173,0.244549930095673,0.194129139184952,3.50699996948242,0.791244685649872,2017,Sub-Saharan Africa
0.38042613863945,0.196896150708199,150,Togo,0.0956650152802467,0.305444717407227,0.247105568647385,3.49499988555908,0.431882530450821,2017,Sub-Saharan Africa
0.581843852996826,0.252756029367447,151,Rwanda,0.455220013856888,0.368745893239975,0.326424807310104,3.47099995613098,0.945707023143768,2017,Sub-Saharan Africa
0.0815394446253777,0.493663728237152,152,Syria,0.151347130537033,0.777153134346008,0.50053334236145,3.46199989318848,0.396102607250214,2017,Middle East and Northern Africa
0.390017777681351,0.354256361722946,153,Tanzania,0.0660351067781448,0.511135876178741,0.364509284496307,3.34899997711182,1.04198980331421,2017,Sub-Saharan Africa
0.0599007532000542,0.204435184597969,154,Burundi,0.0841479450464249,0.091622568666935,0.151610791683197,2.90499997138977,0.629793584346771,2017,Sub-Saharan Africa
0.270842045545578,0.280876487493515,155,Central African Republic,0.0565650761127472,0.0,0.0187726859003305,2.69300007820129,0.0,2017,Sub-Saharan Africa
0.681,0.202,1,Finland,0.393,1.305,0.874,7.632,1.592,2018,Western Europe
0.686,0.286,2,Norway,0.34,1.456,0.861,7.594,1.582,2018,Western Europe
0.683,0.284,3,Denmark,0.408,1.351,0.868,7.555,1.59,2018,Western Europe
0.677,0.353,4,Iceland,0.138,1.343,0.914,7.495,1.644,2018,Western Europe
0.66,0.256,5,Switzerland,0.357,1.42,0.927,7.487,1.549,2018,Western Europe
0.638,0.333,6,Netherlands,0.295,1.361,0.878,7.441,1.488,2018,Western Europe
0.653,0.321,7,Canada,0.291,1.33,0.896,7.328,1.532,2018,North America
0.669,0.365,8,New Zealand,0.389,1.268,0.876,7.324,1.601,2018,Australia and New Zealand
0.659,0.285,9,Sweden,0.383,1.355,0.913,7.314,1.501,2018,Western Europe
0.647,0.361,10,Australia,0.302,1.34,0.91,7.272,1.573,2018,Australia and New Zealand
0.464,0.262,11,United Kingdom,0.082,1.244,0.888,7.19,1.433,2018,Western Europe
0.617,0.242,12,Austria,0.224,1.341,0.891,7.139,1.504,2018,Western Europe
0.632,0.143,13,Costa Rica,0.101,1.01,0.817,7.072,1.459,2018,Latin America and Caribbean
0.614,0.307,14,Ireland,0.306,1.448,0.876,6.977,1.583,2018,Western Europe
0.586,0.273,15,Germany,0.28,1.34,0.861,6.965,1.474,2018,Western Europe
0.583,0.188,16,Belgium,0.24,1.324,0.894,6.927,1.483,2018,Western Europe
0.632,0.196,17,Luxembourg,0.321,1.576,0.896,6.91,1.52,2018,Western Europe
0.547,0.291,18,United States,0.133,1.398,0.819,6.886,1.471,2018,North America
0.533,0.354,19,Israel,0.272,1.301,0.883,6.814,1.559,2018,Middle East and Northern Africa
0.284,0.186,20,United Arab Emirates,0.253245,2.096,0.67,6.774,0.776,2018,Middle East and Northern Africa
0.543,0.064,21,Czech Republic,0.034,1.233,0.854,6.711,1.489,2018,Central and Eastern Europe
0.645,0.376,22,Malta,0.142,1.27,0.884,6.627,1.525,2018,Western Europe
0.52,0.098,23,France,0.176,1.293,0.908,6.489,1.466,2018,Western Europe
0.479,0.069,24,Mexico,0.095,1.038,0.761,6.488,1.252,2018,Latin America and Caribbean
0.431,0.197,25,Chile,0.061,1.131,0.808,6.476,1.331,2018,Latin America and Caribbean
0.418,0.151,26,Taiwan,0.078,1.365,0.857,6.441,1.436,2018,Eastern Asia
0.597,0.125,27,Panama,0.063,1.112,0.759,6.43,1.438,2018,Latin America and Caribbean
0.493,0.11,28,Brazil,0.088,0.986,0.675,6.419,1.474,2018,Latin America and Caribbean
0.57,0.062,29,Argentina,0.054,1.073,0.744,6.388,1.468,2018,Latin America and Caribbean
0.604,0.179,30,Guatemala,0.071,0.781,0.608,6.382,1.268,2018,Latin America and Caribbean
0.625,0.13,31,Uruguay,0.155,1.093,0.771,6.379,1.459,2018,Latin America and Caribbean
0.654,0.256,32,Qatar,0.171,1.649,0.748,6.374,1.303,2018,Middle East and Northern Africa
0.509,0.098,33,Saudi Arabia,0.127,1.379,0.633,6.371,1.331,2018,Middle East and Northern Africa
0.631,0.261,34,Singapore,0.457,1.529,1.008,6.343,1.451,2018,Southeastern Asia
0.356,0.311,35,Malaysia,0.059,1.161,0.669,6.322,1.258,2018,Southeastern Asia
0.449,0.142,36,Spain,0.074,1.251,0.965,6.31,1.538,2018,Western Europe
0.531,0.099,37,Colombia,0.039,0.96,0.635,6.26,1.439,2018,Latin America and Caribbean
0.575,0.171,38,Trinidad & Tobago,0.019,1.223,0.564,6.192,1.492,2018,Latin America and Caribbean
0.354,0.118,39,Slovakia,0.014,1.21,0.776,6.173,1.537,2018,Central and Eastern Europe
0.461,0.065,40,El Salvador,0.082,0.806,0.639,6.167,1.231,2018,Latin America and Caribbean
0.527,0.208,41,Nicaragua,0.128,0.668,0.7,6.141,1.319,2018,Latin America and Caribbean
0.546,0.108,42,Poland,0.064,1.176,0.781,6.123,1.448,2018,Central and Eastern Europe
0.594,0.243,43,Bahrain,0.123,1.338,0.698,6.105,1.366,2018,Middle East and Northern Africa
0.724,0.328,44,Uzbekistan,0.259,0.719,0.605,6.096,1.584,2018,Central and Eastern Europe
0.554,0.167,45,Kuwait,0.106,1.474,0.675,6.083,1.301,2018,Middle East and Northern Africa
0.637,0.364,46,Thailand,0.029,1.016,0.707,6.072,1.417,2018,Southeastern Asia
0.281,0.137,47,Italy,0.028,1.264,0.946,6.0,1.501,2018,Western Europe
0.556,0.114,48,Ecuador,0.12,0.889,0.736,5.973,1.33,2018,Latin America and Caribbean
0.593,0.183,49,Belize,0.089,0.807,0.474,5.956,1.101,2018,Latin America and Caribbean
0.35,0.026,50,Lithuania,0.006,1.197,0.716,5.952,1.527,2018,Central and Eastern Europe
0.633,0.16,51,Slovenia,0.051,1.219,0.856,5.948,1.506,2018,Western Europe
0.528,0.088,52,Romania,0.001,1.116,0.726,5.945,1.219,2018,Central and Eastern Europe
0.363,0.092,53,Latvia,0.066,1.148,0.671,5.933,1.454,2018,Central and Eastern Europe
0.553,0.079,54,Japan,0.15,1.294,0.988,5.915,1.462,2018,Eastern Asia
0.584,0.245,55,Mauritius,0.05,1.09,0.684,5.891,1.387,2018,Sub-Saharan Africa
0.575,0.096,56,Jamaica,0.031,0.819,0.693,5.89,1.493,2018,Latin America and Caribbean
0.244,0.175,57,South Korea,0.051,1.266,0.955,5.875,1.204,2018,Eastern Asia
0.495,0.179,58,Northern Cyprus,0.154,1.229,0.909,5.835,1.211,2018,Central and Eastern Europe
0.399,0.065,59,Russia,0.025,1.151,0.599,5.81,1.479,2018,Central and Eastern Europe
0.454,0.148,60,Kazakhstan,0.121,1.143,0.631,5.79,1.516,2018,Central and Eastern Europe
0.423,0.202,61,Cyprus,0.035,1.229,0.909,5.762,1.191,2018,Central and Eastern Europe
0.606,0.141,62,Bolivia,0.054,0.751,0.508,5.752,1.223,2018,Latin America and Caribbean
0.553,0.086,63,Estonia,0.174,1.2,0.737,5.739,1.532,2018,Central and Eastern Europe
0.541,0.162,64,Paraguay,0.074,0.835,0.615,5.681,1.522,2018,Latin America and Caribbean
0.53,0.092,65,Peru,0.034,0.934,0.674,5.663,1.249,2018,Latin America and Caribbean
0.448,0.274,66,Kosovo,0.023,0.855,0.578,5.662,1.23,2018,Central and Eastern Europe
0.232,0.171,67,Moldova,0.0,0.657,0.62,5.64,1.301,2018,Central and Eastern Europe
0.417,0.199,68,Turkmenistan,0.037,1.016,0.517,5.636,1.533,2018,Central and Eastern Europe
0.259,0.061,69,Hungary,0.022,1.171,0.732,5.62,1.401,2018,Central and Eastern Europe
0.496,0.116,70,Libya,0.148,0.985,0.553,5.566,1.35,2018,Middle East and Northern Africa
0.643,0.12,71,Philippines,0.105,0.775,0.513,5.524,1.312,2018,Southeastern Asia
0.459,0.197,72,Honduras,0.074,0.62,0.622,5.504,1.205,2018,Latin America and Caribbean
0.307,0.101,73,Belarus,0.154,1.039,0.7,5.483,1.498,2018,Central and Eastern Europe
0.324,0.106,74,Turkey,0.109,1.148,0.686,5.483,1.38,2018,Middle East and Northern Africa
0.334,0.216,75,Pakistan,0.113,0.652,0.424,5.472,0.81,2018,Southern Asia
0.524,0.246,76,Hong Kong,0.291,1.405,1.03,5.43,1.29,2018,Eastern Asia
0.562,0.055,77,Portugal,0.017,1.188,0.884,5.41,1.429,2018,Western Europe
0.288,0.134,78,Serbia,0.043,0.975,0.685,5.398,1.369,2018,Central and Eastern Europe
0.131,0.0,79,Greece,0.044,1.154,0.879,5.358,1.202,2018,Western Europe
0.503,0.214,80,Lebanon,0.136,0.965,0.785,5.358,1.179,2018,Middle East and Northern Africa
0.259,0.111,81,Montenegro,0.081,1.017,0.729,5.347,1.279,2018,Central and Eastern Europe
0.38,0.12,82,Croatia,0.039,1.115,0.737,5.321,1.161,2018,Central and Eastern Europe
0.578,0.12,83,Dominican Republic,0.106,0.982,0.614,5.302,1.441,2018,Latin America and Caribbean
0.077,0.055,84,Algeria,0.135,0.979,0.687,5.295,1.154,2018,Middle East and Northern Africa
0.46,0.026,85,Morocco,0.074,0.779,0.669,5.254,0.797,2018,Middle East and Northern Africa
0.597,0.029,86,China,0.103,0.989,0.799,5.246,1.142,2018,Eastern Asia
0.43,0.031,87,Azerbaijan,0.176,1.024,0.603,5.201,1.161,2018,Central and Eastern Europe
0.292,0.187,88,Tajikistan,0.034,0.474,0.598,5.199,1.166,2018,Central and Eastern Europe
0.394,0.173,89,Macedonia,0.052,0.959,0.691,5.185,1.239,2018,Central and Eastern Europe
0.468,0.13,90,Jordan,0.134,0.822,0.645,5.161,1.265,2018,Middle East and Northern Africa
0.462,0.201,91,Nigeria,0.032,0.689,0.048,5.155,1.172,2018,Sub-Saharan Africa
0.54,0.281,92,Kyrgyzstan,0.035,0.53,0.594,5.131,1.416,2018,Central and Eastern Europe
0.28,0.216,93,Bosnia and Herzegovina,0.0,0.915,0.758,5.129,1.078,2018,Central and Eastern Europe
0.395,0.253,94,Mongolia,0.032,0.914,0.575,5.125,1.517,2018,Eastern Asia
0.618,0.177,95,Vietnam,0.079,0.715,0.702,5.103,1.365,2018,Southeastern Asia
0.538,0.484,96,Indonesia,0.018,0.899,0.522,5.093,1.215,2018,Southeastern Asia
0.541,0.364,97,Bhutan,0.171,0.796,0.527,5.082,1.335,2018,Southern Asia
0.674,0.238,98,Somalia,0.282,0.0,0.115,4.982,0.712,2018,Sub-Saharan Africa
0.454,0.183,99,Cameroon,0.043,0.535,0.182,4.975,0.891,2018,Sub-Saharan Africa
0.359,0.064,100,Bulgaria,0.009,1.054,0.712,4.933,1.515,2018,Central and Eastern Europe
0.526,0.302,101,Nepal,0.078,0.425,0.539,4.88,1.228,2018,Southern Asia
0.133,0.056,102,Venezuela,0.052,0.996,0.657,4.806,1.469,2018,Latin America and Caribbean
0.356,0.032,103,Gabon,0.052,1.036,0.404,4.758,1.164,2018,Sub-Saharan Africa
0.266,0.086,104,Palestinian Territories,0.076,0.642,0.602,4.743,1.217,2018,Middle East and Northern Africa
0.516,0.103,105,South Africa,0.056,0.94,0.33,4.724,1.41,2018,Sub-Saharan Africa
0.459,0.282,106,Iran,0.129,1.059,0.691,4.707,0.771,2018,Middle East and Northern Africa
0.467,0.146,107,Ivory Coast,0.103,0.541,0.08,4.671,0.872,2018,Sub-Saharan Africa
0.499,0.212,108,Ghana,0.029,0.592,0.337,4.657,0.896,2018,Sub-Saharan Africa
0.406,0.138,109,Senegal,0.082,0.429,0.433,4.631,1.117,2018,Sub-Saharan Africa
0.626,0.23,110,Laos,0.174,0.72,0.441,4.623,1.034,2018,Southeastern Asia
0.271,0.04,111,Tunisia,0.063,0.9,0.69,4.592,0.906,2018,Middle East and Northern Africa
0.419,0.149,112,Albania,0.032,0.916,0.79,4.586,0.817,2018,Central and Eastern Europe
0.355,0.238,113,Sierra Leone,0.053,0.256,0.0,4.571,0.813,2018,Sub-Saharan Africa
0.514,0.091,114,Congo (Brazzaville),0.077,0.682,0.343,4.559,0.811,2018,Sub-Saharan Africa
0.58,0.153,115,Bangladesh,0.144,0.532,0.579,4.5,0.85,2018,Southern Asia
0.585,0.307,116,Sri Lanka,0.05,0.918,0.672,4.471,1.314,2018,Southern Asia
0.304,0.148,117,Iraq,0.095,1.01,0.536,4.456,0.971,2018,Middle East and Northern Africa
0.367,0.139,118,Mali,0.056,0.37,0.152,4.447,1.233,2018,Sub-Saharan Africa
0.519,0.051,119,Namibia,0.064,0.874,0.365,4.441,1.281,2018,Sub-Saharan Africa
0.696,0.256,120,Cambodia,0.065,0.549,0.457,4.433,1.088,2018,Southeastern Asia
0.312,0.175,121,Burkina Faso,0.128,0.314,0.254,4.424,1.097,2018,Sub-Saharan Africa
0.312,0.092,122,Egypt,0.107,0.885,0.553,4.419,1.025,2018,Middle East and Northern Africa
0.531,0.206,123,Mozambique,0.158,0.198,0.173,4.417,0.902,2018,Sub-Saharan Africa
0.504,0.352,124,Kenya,0.055,0.493,0.454,4.41,1.048,2018,Sub-Saharan Africa
0.503,0.221,125,Zambia,0.082,0.562,0.295,4.377,1.047,2018,Sub-Saharan Africa
0.129,0.134,126,Mauritania,0.093,0.557,0.292,4.356,1.245,2018,Sub-Saharan Africa
0.452,0.22,127,Ethiopia,0.146,0.308,0.391,4.35,0.95,2018,Sub-Saharan Africa
0.375,0.038,128,Georgia,0.215,0.853,0.643,4.34,0.592,2018,Central and Eastern Europe
0.26,0.077,129,Armenia,0.028,0.816,0.666,4.321,0.99,2018,Central and Eastern Europe
0.58,0.598,130,Myanmar,0.178,0.682,0.429,4.308,1.174,2018,Southeastern Asia
0.189,0.181,131,Chad,0.06,0.358,0.053,4.301,0.907,2018,Sub-Saharan Africa
0.312,0.197,132,Congo (Kinshasa),0.052,0.069,0.204,4.245,1.136,2018,Sub-Saharan Africa
0.539,0.172,133,India,0.093,0.721,0.485,4.19,0.747,2018,Southern Asia
0.39,0.175,134,Niger,0.099,0.131,0.221,4.166,0.867,2018,Sub-Saharan Africa
0.45,0.259,135,Uganda,0.061,0.322,0.237,4.161,1.09,2018,Sub-Saharan Africa
0.44,0.163,136,Benin,0.067,0.378,0.24,4.141,0.372,2018,Sub-Saharan Africa
0.016,0.134,137,Sudan,0.082,0.605,0.312,4.139,1.24,2018,Sub-Saharan Africa
0.163,0.187,138,Ukraine,0.011,0.793,0.609,4.103,1.413,2018,Central and Eastern Europe
0.434,0.158,139,Togo,0.101,0.259,0.253,3.999,0.474,2018,Sub-Saharan Africa
0.394,0.185,140,Guinea,0.094,0.344,0.211,3.964,0.792,2018,Sub-Saharan Africa
0.423,0.116,141,Lesotho,0.112,0.472,0.079,3.808,1.215,2018,Sub-Saharan Africa
0.0,0.079,142,Angola,0.061,0.73,0.269,3.795,1.125,2018,Sub-Saharan Africa
0.221,0.155,143,Madagascar,0.049,0.262,0.402,3.774,0.908,2018,Sub-Saharan Africa
0.406,0.132,144,Zimbabwe,0.099,0.357,0.248,3.692,1.094,2018,Sub-Saharan Africa
0.085,0.191,145,Afghanistan,0.036,0.332,0.255,3.632,0.537,2018,Southern Asia
0.557,0.042,146,Botswana,0.092,1.017,0.417,3.59,1.174,2018,Sub-Saharan Africa
0.531,0.21,147,Malawi,0.08,0.186,0.306,3.587,0.541,2018,Sub-Saharan Africa
0.025,0.392,148,Haiti,0.104,0.315,0.289,3.582,0.714,2018,Latin America and Caribbean
0.419,0.206,149,Liberia,0.03,0.076,0.267,3.495,0.858,2018,Sub-Saharan Africa
0.088,0.376,150,Syria,0.144,0.689,0.539,3.462,0.382,2018,Middle East and Northern Africa
0.636,0.2,151,Rwanda,0.444,0.332,0.4,3.408,0.896,2018,Sub-Saharan Africa
0.244,0.083,152,Yemen,0.064,0.442,0.343,3.355,1.073,2018,Middle East and Northern Africa
0.481,0.27,153,Tanzania,0.097,0.455,0.381,3.303,0.991,2018,Sub-Saharan Africa
0.112,0.224,154,South Sudan,0.106,0.337,0.177,3.254,0.608,2018,Sub-Saharan Africa
0.305,0.218,155,Central African Republic,0.038,0.024,0.01,3.083,0.0,2018,Sub-Saharan Africa
0.065,0.149,156,Burundi,0.076,0.091,0.145,2.905,0.627,2018,Sub-Saharan Africa
0.596,0.153,1,Finland,0.393,1.34,0.986,7.769,1.587,2019,Western Europe
0.592,0.252,2,Denmark,0.41,1.383,0.996,7.6,1.573,2019,Western Europe
0.603,0.271,3,Norway,0.341,1.488,1.028,7.554,1.582,2019,Western Europe
0.591,0.354,4,Iceland,0.118,1.38,1.026,7.494,1.624,2019,Western Europe
0.557,0.322,5,Netherlands,0.298,1.396,0.999,7.488,1.522,2019,Western Europe
0.572,0.263,6,Switzerland,0.343,1.452,1.052,7.48,1.526,2019,Western Europe
0.574,0.267,7,Sweden,0.373,1.387,1.009,7.343,1.487,2019,Western Europe
0.585,0.33,8,New Zealand,0.38,1.303,1.026,7.307,1.557,2019,Australia and New Zealand
0.584,0.285,9,Canada,0.308,1.365,1.039,7.278,1.505,2019,North America
0.532,0.244,10,Austria,0.226,1.376,1.016,7.246,1.475,2019,Western Europe
0.557,0.332,11,Australia,0.29,1.372,1.036,7.228,1.548,2019,Australia and New Zealand
0.558,0.144,12,Costa Rica,0.093,1.034,0.963,7.167,1.441,2019,Latin America and Caribbean
0.371,0.261,13,Israel,0.082,1.276,1.029,7.139,1.455,2019,Middle East and Northern Africa
0.526,0.194,14,Luxembourg,0.316,1.609,1.012,7.09,1.479,2019,Western Europe
0.45,0.348,15,United Kingdom,0.278,1.333,0.996,7.054,1.538,2019,Western Europe
0.516,0.298,16,Ireland,0.31,1.499,0.999,7.021,1.553,2019,Western Europe
0.495,0.261,17,Germany,0.265,1.373,0.987,6.985,1.454,2019,Western Europe
0.473,0.16,18,Belgium,0.21,1.356,0.986,6.923,1.504,2019,Western Europe
0.454,0.28,19,United States,0.128,1.433,0.874,6.892,1.457,2019,North America
0.457,0.046,20,Czech Republic,0.036,1.269,0.92,6.852,1.487,2019,Central and Eastern Europe
0.598,0.262,21,United Arab Emirates,0.182,1.503,0.825,6.825,1.31,2019,Middle East and Northern Africa
0.564,0.375,22,Malta,0.151,1.3,0.999,6.726,1.52,2019,Western Europe
0.433,0.074,23,Mexico,0.073,1.07,0.861,6.595,1.323,2019,Latin America and Caribbean
0.436,0.111,24,France,0.183,1.324,1.045,6.592,1.472,2019,Western Europe
0.351,0.242,25,Taiwan,0.097,1.368,0.914,6.446,1.43,2019,Eastern Asia
0.357,0.187,26,Chile,0.056,1.159,0.92,6.444,1.369,2019,Latin America and Caribbean
0.535,0.175,27,Guatemala,0.078,0.8,0.746,6.436,1.269,2019,Latin America and Caribbean
0.439,0.08,28,Saudi Arabia,0.132,1.403,0.795,6.375,1.357,2019,Middle East and Northern Africa
0.555,0.22,29,Qatar,0.167,1.684,0.871,6.374,1.313,2019,Middle East and Northern Africa
0.362,0.153,30,Spain,0.079,1.286,1.062,6.354,1.484,2019,Western Europe
0.516,0.109,31,Panama,0.054,1.149,0.91,6.321,1.442,2019,Latin America and Caribbean
0.39,0.099,32,Brazil,0.086,1.004,0.802,6.3,1.439,2019,Latin America and Caribbean
0.523,0.127,33,Uruguay,0.15,1.124,0.891,6.293,1.465,2019,Latin America and Caribbean
0.556,0.271,34,Singapore,0.453,1.572,1.141,6.262,1.463,2019,Southeastern Asia
0.43,0.093,35,El Salvador,0.074,0.794,0.789,6.253,1.242,2019,Latin America and Caribbean
0.231,0.158,36,Italy,0.03,1.294,1.039,6.223,1.488,2019,Western Europe
0.536,0.255,37,Bahrain,0.11,1.362,0.871,6.199,1.368,2019,Middle East and Northern Africa
0.334,0.121,38,Slovakia,0.014,1.246,0.881,6.198,1.504,2019,Central and Eastern Europe
0.489,0.185,39,Trinidad & Tobago,0.016,1.231,0.713,6.192,1.477,2019,Latin America and Caribbean
0.483,0.117,40,Poland,0.05,1.206,0.884,6.182,1.438,2019,Central and Eastern Europe
0.631,0.322,41,Uzbekistan,0.24,0.745,0.756,6.174,1.529,2019,Central and Eastern Europe
0.291,0.043,42,Lithuania,0.042,1.238,0.818,6.149,1.515,2019,Central and Eastern Europe
0.47,0.099,43,Colombia,0.034,0.985,0.841,6.125,1.41,2019,Latin America and Caribbean
0.564,0.144,44,Slovenia,0.057,1.258,0.953,6.118,1.523,2019,Western Europe
0.435,0.2,45,Nicaragua,0.127,0.694,0.835,6.105,1.325,2019,Latin America and Caribbean
0.489,0.262,46,Kosovo,0.006,0.882,0.758,6.1,1.232,2019,Central and Eastern Europe
0.471,0.066,47,Argentina,0.05,1.092,0.881,6.086,1.432,2019,Latin America and Caribbean
0.462,0.083,48,Romania,0.005,1.162,0.825,6.07,1.232,2019,Central and Eastern Europe
0.406,0.19,49,Cyprus,0.041,1.263,1.042,6.046,1.223,2019,Central and Eastern Europe
0.498,0.126,50,Ecuador,0.087,0.912,0.868,6.028,1.312,2019,Latin America and Caribbean
0.493,0.142,51,Kuwait,0.097,1.5,0.808,6.021,1.319,2019,Middle East and Northern Africa
0.557,0.359,52,Thailand,0.028,1.05,0.828,6.008,1.409,2019,Southeastern Asia
0.264,0.075,53,Latvia,0.064,1.187,0.812,5.94,1.465,2019,Central and Eastern Europe
0.159,0.175,54,South Korea,0.056,1.301,1.036,5.895,1.219,2019,Eastern Asia
0.495,0.103,55,Estonia,0.161,1.237,0.874,5.893,1.528,2019,Central and Eastern Europe
0.49,0.107,56,Jamaica,0.028,0.831,0.831,5.89,1.478,2019,Latin America and Caribbean
0.498,0.215,57,Mauritius,0.06,1.12,0.798,5.888,1.402,2019,Sub-Saharan Africa
0.445,0.069,58,Japan,0.14,1.327,1.088,5.886,1.419,2019,Eastern Asia
0.507,0.246,59,Honduras,0.078,0.642,0.828,5.86,1.236,2019,Latin America and Caribbean
0.41,0.146,60,Kazakhstan,0.096,1.173,0.729,5.809,1.508,2019,Central and Eastern Europe
0.511,0.137,61,Bolivia,0.064,0.776,0.706,5.779,1.209,2019,Latin America and Caribbean
0.199,0.081,62,Hungary,0.02,1.201,0.828,5.758,1.41,2019,Central and Eastern Europe
0.514,0.184,63,Paraguay,0.08,0.855,0.777,5.743,1.475,2019,Latin America and Caribbean
0.417,0.191,64,Northern Cyprus,0.162,1.263,1.042,5.718,1.252,2019,Central and Eastern Europe
0.455,0.083,65,Peru,0.027,0.96,0.854,5.697,1.274,2019,Latin America and Caribbean
0.508,0.047,66,Portugal,0.025,1.221,0.999,5.693,1.431,2019,Western Europe
0.313,0.22,67,Pakistan,0.098,0.677,0.535,5.653,0.886,2019,Southern Asia
0.334,0.082,68,Russia,0.031,1.183,0.726,5.648,1.452,2019,Central and Eastern Europe
0.558,0.117,69,Philippines,0.107,0.807,0.657,5.631,1.293,2019,Southeastern Asia
0.282,0.137,70,Serbia,0.039,1.004,0.854,5.603,1.383,2019,Central and Eastern Europe
0.245,0.181,71,Moldova,0.0,0.685,0.739,5.529,1.328,2019,Central and Eastern Europe
0.416,0.133,72,Libya,0.152,1.044,0.673,5.525,1.303,2019,Middle East and Northern Africa
0.197,0.142,73,Montenegro,0.08,1.051,0.871,5.523,1.361,2019,Central and Eastern Europe
0.389,0.23,74,Tajikistan,0.144,0.493,0.718,5.467,1.098,2019,Central and Eastern Europe
0.296,0.119,75,Croatia,0.022,1.155,0.914,5.432,1.266,2019,Central and Eastern Europe
0.44,0.258,76,Hong Kong,0.287,1.438,1.122,5.43,1.277,2019,Eastern Asia
0.497,0.113,77,Dominican Republic,0.101,1.015,0.779,5.425,1.401,2019,Latin America and Caribbean
0.212,0.263,78,Bosnia and Herzegovina,0.006,0.945,0.845,5.386,1.212,2019,Central and Eastern Europe
0.195,0.083,79,Turkey,0.106,1.183,0.808,5.373,1.36,2019,Middle East and Northern Africa
0.508,0.26,80,Malaysia,0.024,1.221,0.828,5.339,1.171,2019,Southeastern Asia
0.235,0.094,81,Belarus,0.142,1.067,0.789,5.323,1.465,2019,Central and Eastern Europe
0.067,0.0,82,Greece,0.034,1.181,0.999,5.287,1.156,2019,Western Europe
0.317,0.235,83,Mongolia,0.038,0.948,0.667,5.285,1.531,2019,Eastern Asia
0.345,0.185,84,North Macedonia,0.034,0.983,0.838,5.274,1.294,2019,Central and Eastern Europe
0.426,0.215,85,Nigeria,0.041,0.696,0.245,5.265,1.111,2019,Sub-Saharan Africa
0.508,0.3,86,Kyrgyzstan,0.023,0.551,0.723,5.261,1.438,2019,Central and Eastern Europe
0.394,0.244,87,Turkmenistan,0.028,1.052,0.657,5.247,1.538,2019,Central and Eastern Europe
0.086,0.073,88,Algeria,0.114,1.002,0.785,5.211,1.16,2019,Middle East and Northern Africa
0.418,0.036,89,Morocco,0.076,0.801,0.782,5.208,0.782,2019,Middle East and Northern Africa
0.351,0.035,90,Azerbaijan,0.182,1.043,0.769,5.208,1.147,2019,Central and Eastern Europe
0.216,0.166,91,Lebanon,0.027,0.987,0.815,5.197,1.224,2019,Middle East and Northern Africa
0.491,0.498,92,Indonesia,0.028,0.931,0.66,5.192,1.203,2019,Southeastern Asia
0.521,0.058,93,China,0.1,1.029,0.893,5.191,1.125,2019,Eastern Asia
0.543,0.147,94,Vietnam,0.073,0.741,0.851,5.175,1.346,2019,Southeastern Asia
0.457,0.37,95,Bhutan,0.167,0.813,0.604,5.082,1.321,2019,Southern Asia
0.381,0.187,96,Cameroon,0.037,0.549,0.331,5.044,0.91,2019,Sub-Saharan Africa
0.311,0.081,97,Bulgaria,0.004,1.092,0.815,5.011,1.513,2019,Central and Eastern Europe
0.381,0.245,98,Ghana,0.04,0.611,0.486,4.996,0.868,2019,Sub-Saharan Africa
0.352,0.154,99,Ivory Coast,0.09,0.569,0.232,4.944,0.808,2019,Sub-Saharan Africa
0.439,0.285,100,Nepal,0.089,0.446,0.677,4.913,1.226,2019,Southern Asia
0.383,0.11,101,Jordan,0.13,0.837,0.815,4.906,1.225,2019,Middle East and Northern Africa
0.349,0.175,102,Benin,0.082,0.393,0.397,4.883,0.437,2019,Sub-Saharan Africa
0.372,0.105,103,Congo (Brazzaville),0.093,0.673,0.508,4.812,0.799,2019,Sub-Saharan Africa
0.295,0.043,104,Gabon,0.055,1.057,0.571,4.799,1.183,2019,Sub-Saharan Africa
0.547,0.266,105,Laos,0.164,0.764,0.551,4.796,1.03,2019,Southeastern Asia
0.389,0.13,106,South Africa,0.055,0.96,0.469,4.722,1.351,2019,Sub-Saharan Africa
0.383,0.178,107,Albania,0.027,0.947,0.874,4.719,0.848,2019,Central and Eastern Europe
0.154,0.064,108,Venezuela,0.047,0.96,0.805,4.707,1.427,2019,Latin America and Caribbean
0.609,0.232,109,Cambodia,0.062,0.574,0.637,4.7,1.122,2019,Southeastern Asia
0.225,0.103,110,Palestinian Territories,0.066,0.657,0.672,4.696,1.247,2019,Middle East and Northern Africa
0.292,0.153,111,Senegal,0.072,0.45,0.571,4.681,1.134,2019,Sub-Saharan Africa
0.559,0.243,112,Somalia,0.27,0.0,0.268,4.668,0.698,2019,Sub-Saharan Africa
0.401,0.07,113,Namibia,0.056,0.879,0.477,4.639,1.313,2019,Sub-Saharan Africa
0.318,0.188,114,Niger,0.102,0.138,0.366,4.628,0.774,2019,Sub-Saharan Africa
0.255,0.177,115,Burkina Faso,0.113,0.331,0.38,4.587,1.056,2019,Sub-Saharan Africa
0.283,0.095,116,Armenia,0.064,0.85,0.815,4.559,1.055,2019,Central and Eastern Europe
0.305,0.27,117,Iran,0.125,1.1,0.785,4.548,0.842,2019,Middle East and Northern Africa
0.332,0.207,118,Guinea,0.086,0.38,0.375,4.534,0.829,2019,Sub-Saharan Africa
0.346,0.043,119,Georgia,0.164,0.886,0.752,4.519,0.666,2019,Central and Eastern Europe
0.382,0.269,120,Gambia,0.167,0.308,0.428,4.516,0.939,2019,Sub-Saharan Africa
0.431,0.372,121,Kenya,0.053,0.512,0.581,4.509,0.983,2019,Sub-Saharan Africa
0.066,0.106,122,Mauritania,0.088,0.57,0.489,4.49,1.167,2019,Sub-Saharan Africa
0.494,0.197,123,Mozambique,0.138,0.204,0.39,4.466,0.986,2019,Sub-Saharan Africa
0.167,0.059,124,Tunisia,0.055,0.921,0.815,4.461,1.0,2019,Middle East and Northern Africa
0.527,0.166,125,Bangladesh,0.143,0.562,0.723,4.456,0.928,2019,Southern Asia
0.241,0.148,126,Iraq,0.089,1.043,0.574,4.437,0.98,2019,Middle East and Northern Africa
0.269,0.212,127,Congo (Kinshasa),0.053,0.094,0.357,4.418,1.125,2019,Sub-Saharan Africa
0.327,0.153,128,Mali,0.052,0.385,0.308,4.39,1.105,2019,Sub-Saharan Africa
0.309,0.252,129,Sierra Leone,0.045,0.268,0.242,4.374,0.841,2019,Sub-Saharan Africa
0.47,0.244,130,Sri Lanka,0.047,0.949,0.831,4.366,1.265,2019,Southern Asia
0.525,0.566,131,Myanmar,0.172,0.71,0.555,4.36,1.181,2019,Southeastern Asia
0.174,0.198,132,Chad,0.078,0.35,0.192,4.35,0.766,2019,Sub-Saharan Africa
0.178,0.187,133,Ukraine,0.01,0.82,0.739,4.332,1.39,2019,Central and Eastern Europe
0.344,0.209,134,Ethiopia,0.1,0.336,0.532,4.286,1.033,2019,Sub-Saharan Africa
0.313,0.074,135,Swaziland,0.135,0.811,0.0,4.212,1.149,2019,Sub-Saharan Africa
0.356,0.252,136,Uganda,0.06,0.332,0.443,4.189,1.069,2019,Sub-Saharan Africa
0.241,0.076,137,Egypt,0.067,0.913,0.644,4.166,1.039,2019,Middle East and Northern Africa
0.431,0.247,138,Zambia,0.087,0.578,0.426,4.107,1.058,2019,Sub-Saharan Africa
0.293,0.177,139,Togo,0.085,0.275,0.41,4.085,0.572,2019,Sub-Saharan Africa
0.498,0.2,140,India,0.085,0.755,0.588,4.015,0.765,2019,Southern Asia
0.37,0.233,141,Liberia,0.033,0.073,0.443,3.975,0.922,2019,Sub-Saharan Africa
0.142,0.275,142,Comoros,0.078,0.274,0.505,3.973,0.757,2019,Sub-Saharan Africa
0.148,0.169,143,Madagascar,0.041,0.274,0.555,3.933,0.916,2019,Sub-Saharan Africa
0.359,0.107,144,Lesotho,0.093,0.489,0.168,3.802,1.169,2019,Sub-Saharan Africa
0.22,0.176,145,Burundi,0.18,0.046,0.38,3.775,0.447,2019,Sub-Saharan Africa
0.361,0.151,146,Zimbabwe,0.089,0.366,0.433,3.663,1.114,2019,Sub-Saharan Africa
0.026,0.419,147,Haiti,0.11,0.323,0.449,3.597,0.688,2019,Latin America and Caribbean
0.455,0.025,148,Botswana,0.1,1.041,0.538,3.488,1.145,2019,Sub-Saharan Africa
0.013,0.331,149,Syria,0.141,0.619,0.44,3.462,0.378,2019,Middle East and Northern Africa
0.443,0.218,150,Malawi,0.089,0.191,0.495,3.41,0.56,2019,Sub-Saharan Africa
0.143,0.108,151,Yemen,0.077,0.287,0.463,3.38,1.163,2019,Middle East and Northern Africa
0.555,0.217,152,Rwanda,0.411,0.359,0.614,3.334,0.711,2019,Sub-Saharan Africa
0.417,0.276,153,Tanzania,0.147,0.476,0.499,3.231,0.885,2019,Sub-Saharan Africa
0.0,0.158,154,Afghanistan,0.025,0.35,0.361,3.203,0.517,2019,Southern Asia
0.225,0.235,155,Central African Republic,0.035,0.026,0.105,3.083,0.0,2019,Sub-Saharan Africa
0.01,0.202,156,South Sudan,0.091,0.306,0.295,2.853,0.575,2019,Sub-Saharan Africa
